"","247","248","249","250","251","252","253","254","256","259","260","261","262","265","266","268","269","270","271","272","273","274","275","276","277","278","279","280","281","282","284","285","287","290","291","292","293","294","297","298","300","301","302","303","304","305","306","307","308","309","310","311","213","215","217","219","201","221","223","225","227","229","231","233","235","237","239","203","241","243","245","205","207","209","210","214","216","218","220","222","224","226","228","202","230","232","234","236","238","240","242","244","246","204","206","208"
"aDC",2.40282210617057e-20,0.21681966724765,0.0176252608665042,0.0945176741671014,0.12464970649267,0.101097675067066,0.00757959321564652,0.00800383596014843,0.0520196640517883,0.0596957545158544,0.185841454647532,9.92400145607481e-20,1.49555262350041e-20,0.362219187717122,0.0463192221985909,0.107443669343374,0.230639379866159,0.452994012389642,0.125888780531459,0.0711873923368351,0.434118725209473,0.147993022233181,0.0394148118335095,0.175939263645176,1.61536405700093e-18,0.137165733055851,0.0852699065422176,0.0776689407558653,0,3.88211839306648e-17,0.0442484739037456,0.108499980380491,0.04769241808859,0.0833202434945893,1.42295980033615e-17,1.99318432917401e-18,1.86815031802212e-17,0,0.11956547267344,0,0.0926139468064812,0.0527472679825911,0,0.0102303199638585,1.10172148771624e-19,0.0133097208806247,6.84478812458564e-18,1.07512808410892e-17,3.09759441698482e-18,0.0830265422084142,0.00813211525644445,0,0.0596981760748967,0.0778341274176874,0.455623528448102,0.0376986628106967,0.395302067884348,0.116252931942454,0.0527460172801854,0.0362084780938401,0.230907906702963,0.235927062917581,0.000487741417674915,0.238942279506223,0.0615111410616915,0.0119553716256933,0.337992539639125,0.175519075596741,0.127172667517561,0.0318651330426588,0.0232472745599754,0.182087218926763,0.0831223649893718,0.218894247579087,0.134368491856733,0.0822124786518484,0.00959476405902983,2.3334311659029e-19,0,0,0.00238920873679824,0,0,0.0190623874861941,0.018552755600502,0.0205132978540392,0.0795806136297229,1.00169133611618e-17,8.46422974381745e-19,0.000145326533857909,0.085870107207336,1.01980307226486e-17,0,0.0258016249372151,0.124605272804828,0
"Adipocytes",7.79563257792346e-19,0.0271591571518124,0,8.34514744130063e-20,0.0102623059117902,0.00390970663859294,2.65383299733936e-19,0.000986401356603637,0,0.37391387135291,0,0.0553643346747552,5.19446151743768e-19,3.41319958568415e-19,5.86954490004542e-20,0.0799311072188737,0.0134224050156152,0.0787792329344049,0.0990929563737059,0,0.303717853298446,0.0818800638955185,4.39707476939428e-19,0.00173949114746578,1.14988809508591e-18,0.0206560474809881,0.00477052638500776,0.248761509446872,0.408057321019778,0.470790205572846,0.504459845872155,0.539877090385244,0.0846903054097955,0.560834183638138,0.438771266928417,0.624747231481918,0.317229195963004,0.112166369790783,0.0830375520978674,0.0759655177096579,0.137249424275675,0.000995448435186127,0.441666280034276,0.00925571062003995,0.0673481290571991,0.234259679866882,0.320705292188713,0.423562700595644,0.387442040265347,0.316408693113791,0.0916441615873977,0.480043168565563,0.0826923047580551,0,2.19977999839308e-19,0,0,2.60828614310249e-20,0,0.0147349324176145,1.20220738816784e-18,1.47226755787286e-18,0,5.86901475969423e-19,0.00386434792370661,0.129765427236295,5.52065786799709e-19,0,5.79133854546099e-20,0.0213326422323829,0.0210639591126866,0.25083803786762,0.468942902112498,0.0182145083980719,0.352654814602794,0.338813108697412,0.51159612877155,0.484362653360246,0.330673386688807,0.604504680140309,0.493588369046272,0.620794772680187,0.454975921173368,0.528502982473807,0.247671525562877,0.596795498692266,0.597469793046194,0.393734652830312,0.58843192565575,0.0714574034701374,0.619249139311172,0.455293734040576,0.393443076626914,0.568386598196503,0.395534004586223,0.529061117996699
"Astrocytes",3.89077437739998e-17,0,0,0,3.02047222414752e-18,0,0,0,0,0,0,0,1.10311674995068e-18,0,0,0,8.61771342238405e-18,0,2.06190462512514e-17,0,0,0,0.0221029671042416,0.0232777579288387,8.93278031622368e-18,5.43541330146984e-19,1.67500509435776e-18,0,6.37468414106558e-19,0,8.82917874614057e-18,0,1.20854798235376e-17,3.29619352353669e-17,7.94696673057151e-18,1.32382278350554e-18,1.6121094571588e-17,0,0.017485458042705,2.2058628539467e-17,0,1.50651770716199e-18,1.74620860372334e-17,0,1.13857661283292e-17,2.04775881677763e-17,0,4.81590357698883e-18,2.50623680918166e-18,0,0,1.79050370719892e-18,3.56726899842702e-18,2.91466276613223e-18,0,7.8345493239612e-19,0,4.5770219642774e-19,7.81959723632009e-18,3.07984258734611e-18,1.18978739670062e-18,0,0,2.36813149627048e-18,0,0,6.84301970876764e-18,3.28311292132694e-18,1.29205104843768e-17,0,0,0,0,3.67765848939552e-18,0,1.58548900958789e-17,2.79330340711754e-17,2.1488123054938e-18,1.66993610610314e-17,0,1.96287341847968e-17,0,0,0,0,0,0,3.54560795733221e-18,0,0,0,1.94344975509787e-17,1.31270105257689e-17,0,0,1.69988909795429e-17
"B-cells",0.00213817100673857,0.150473540852903,2.77919500031694e-19,0.00898671491408427,0.0547817648992811,0.077640976059215,3.24922179770582e-18,2.33711265194963e-19,0.0429835116096446,0.0304741524460307,0.0838203287458998,1.05135520017616e-18,0.014521514222163,0.228680803161732,0,0.0404930906285084,0.0586343041156407,0.495766904766179,0.00941453806344469,2.60278892354181e-18,0.727776080265081,0.0297329533747643,1.06559465223122e-18,3.62561458997996e-18,7.52255438513089e-19,0,3.84613419646413e-18,9.21263699978231e-18,0,7.76215058290339e-18,5.34677560380916e-18,2.10458310411969e-17,0.00236094723281913,0,0,0,0,9.46442587290262e-18,0.0184882346626266,6.26513761615408e-18,3.22725014994758e-18,0,0,0,0,3.71491942238298e-19,0,0,0,9.93918271375137e-18,3.00415380273977e-18,0,0.0265361210015821,0.0092112665151122,0.108214532311635,0.0107250776289356,0.120413360651677,1.54698603982002e-19,0,0,0.0972363240403935,0.0339284624719603,3.60367444737457e-20,0.0630085418182674,0,1.31477123858748e-18,0.120373653038351,0,0.0185550626829604,7.45613383553479e-18,0,0,0,0.0317230410628194,1.7553237511838e-18,1.92152426269991e-18,8.10466791756545e-19,0,1.53908338060172e-18,5.94503879665011e-18,1.76148362054974e-18,8.96375734913623e-18,8.89837882785094e-19,2.12076300403227e-18,1.00018750856991e-18,4.88280983569714e-18,2.10728707087489e-18,1.94924374205443e-18,2.95197595095692e-18,0,0,4.10597784948219e-18,6.13603367894725e-18,0,7.9007409986826e-18,3.9364696107572e-18
"Basophils",4.9730185803613e-18,0.086338309149366,8.99533982183749e-20,0,1.10358705768277e-17,0.0154453006867542,0.0948829041195915,0.0940867865297988,0.0715251041011231,0.0382850176669977,0.168693119912759,0.120786113162165,0.0414933468381983,0.0229570091466076,0.137033019779368,6.56942688802184e-20,0.0352176144772277,0,0.116303013960555,1.18799677590088e-18,0.0777887498479468,0,1.21300626922111e-17,0.0815933816773612,0.023668256165177,0,0,2.97257535423512e-17,0,0,0,0.00499526844808972,0.125109835528277,0,1.59196397129674e-18,2.26555167011447e-17,0.082570565346482,0,0.165466585887182,0.0754274911520852,0,0.103186018869588,0.0286547876354483,0.0758227276322825,0.0256859238664123,0.00542470884126369,4.37354279298309e-17,1.56907227324003e-17,4.10782408887332e-18,0,0.060995296758602,2.81025694284732e-17,0,0.0172735327445148,0,0.135496405457424,0.0340834048741729,0.0389412135088783,0,0,0.0103870260084956,0.0635555803046978,0.0452410833794426,0.0123892741859728,0,1.44148239272288e-17,0.0273197413131091,0.0878644147046247,3.34995458377818e-18,0.0987984126742871,0.0481317000623624,0.0249544523521416,3.61985344679945e-17,0.152695745979838,0.100707455632988,0.0401049311735202,0.0444498441199703,0,0.0250886887217882,3.30824842188057e-18,5.19922588185256e-18,0,5.79432018735489e-18,0,0.00993601602280493,2.59208902665453e-17,0,0,5.62217655977433e-17,0.00428516055033065,2.45484838139044e-18,0,2.90701309342897e-20,0,0.0451000568464073,8.23271584257231e-18
"CD4+ memory T-cells",0.0175567115693017,0.0229061757256084,0.0136059353449924,0.0187359877272682,9.1278336193959e-05,0,4.48616780377965e-20,0,0.00866905573055909,0.0217684694772268,0.00221576519812211,0,0,0.0244693473298361,0,0.0255087177518018,0.038662012246837,0.0901889853263438,0.0153035820405121,0.00587878263774669,0.124260273710687,0.0047457752673606,0.0103278790362436,1.9377467311804e-19,0.00191158878923417,0.0091284763792227,0,0,9.71891336411561e-18,1.00947136203975e-17,5.70558624788197e-18,2.82234066977282e-18,0,1.01928858876099e-19,0,0,0,0.00095885407549389,0,0,0,0.0065293869021604,0,0,9.62502254487744e-19,0.00138619152741334,8.10890358658909e-18,1.14141635499289e-19,0,2.467681580822e-18,0,6.41094482189125e-18,1.00765042964446e-21,0,0.0209874974823679,0,0.00262476387084418,3.5136242326472e-19,0.00172846900151013,7.64285074449156e-19,0.0114715454510679,0,0,0.0102067936054252,5.25595467844415e-19,0,0.00908272607568933,0,0,0,8.82723854459494e-19,0,4.82670013530251e-20,0,0,4.47043427554338e-19,1.08892659880929e-18,7.67445643866048e-20,0,1.96201453539593e-18,5.24482409221855e-18,1.69900999995405e-18,0,0,0,2.39132291885972e-18,0,2.58862284642806e-18,1.41902677100472e-18,8.52847396847081e-20,0,0,0,1.26590695499962e-17,0,0
"CD4+ naive T-cells",0,0,0,0,0.00884802707076374,0,0,0,0,0.0191814256532228,0.00995719052229896,7.17501916623087e-18,1.94236813033697e-19,0.0499135212071471,4.26401482983675e-19,0,0.030316691228565,0.0333334591007231,0,0,0.147711058995513,0,0,7.15565961396139e-18,0,0,2.25476002170082e-18,0,2.99099338047931e-17,8.52332132321135e-18,0,9.49003240144016e-18,0,1.13060243078745e-17,1.9403976408841e-18,1.08390001483615e-18,9.05278937283933e-18,0,0.0171968475495638,1.22662601746107e-18,0,9.40651693242717e-05,3.97976373941353e-18,0,0,0,0,0,4.08160104475439e-18,1.74539339524177e-17,4.38973164848935e-18,0,0.00116512166564129,0,0.0347177404844506,5.15443708213902e-18,0.0104806163829897,0,0,4.44903859337844e-18,0.00322606271839167,0.0220433339710905,0,0,9.66849930077302e-19,8.66524104742799e-18,0.0212374949889403,0,0.00126901600769806,0,7.07817667186879e-18,5.76838678190537e-18,0.0185573483915063,0,2.82548299701395e-19,1.10643985964316e-17,2.12626747811401e-17,1.01107122892821e-17,0,0,6.98907521078094e-18,0,1.96930038867969e-17,1.2364516137637e-17,2.63999486662664e-18,4.74149331349031e-18,0,0,1.54651643569652e-17,1.32657114012007e-20,6.99287834130276e-18,8.60758992229071e-18,1.47520939782515e-18,0,1.26851016609519e-17,6.76885995882662e-18
"CD4+ T-cells",0,3.55296117529337e-18,3.33570230641791e-19,0,2.00174727890039e-21,0,0,9.41175143313479e-18,6.89899224035039e-19,0,1.90227289967274e-18,2.42372940217485e-18,5.49864028514315e-18,0.00441700572060029,3.81684095927455e-18,1.31319571738339e-19,0.00344052070259254,0.00524407458935157,2.45727899163924e-18,4.95796908313833e-18,0.0360552770244653,0,0,0,0,0,5.63932414245156e-18,2.55002864485861e-18,0,2.17491081130336e-17,0,2.64400220035167e-17,0,7.95855353710994e-18,1.76424868491854e-17,3.89292763904331e-17,1.92532232616786e-17,1.53264712706405e-17,0,1.42455324937767e-17,0,1.98465883412279e-19,0,8.93662366108613e-18,7.30933975306166e-18,5.63573850914126e-18,1.95162631238651e-17,0,1.23009977141584e-17,0,2.03500107550025e-18,2.31226229027438e-17,3.89458033750109e-19,3.95447687563755e-18,0.0119533907308884,0,0,3.65380180275872e-18,3.76751595612132e-18,2.31092033577782e-18,0.00946227064091645,0,8.56768833361879e-18,4.47048409369739e-19,9.16662657221724e-18,4.3572404707986e-18,0,4.75623677910332e-18,9.53407447999245e-18,1.09185673729359e-17,0,0,4.10504754978383e-19,0,0,0,5.1385450294472e-18,4.81911947033535e-18,3.20707354865768e-18,1.78830547120516e-17,4.40502365809554e-17,3.07244285106953e-17,0,2.50453002964807e-17,0,2.54604586531658e-17,2.26168538937962e-17,2.64343787248055e-18,3.15166698509386e-17,0,2.09093163808991e-17,0,3.79376167646187e-18,8.93760048764919e-18,4.92245080894743e-19,2.35522894469216e-17
"CD4+ Tcm",1.20228140750263e-17,2.72924657777732e-18,1.89763749254926e-18,3.8332802279027e-18,0.0517066525900227,0.0276828963787113,0,7.06119134862117e-18,0.00822005030757414,0.00676260200640114,0.0431698823946696,0,0.0159720922952154,0,0,0,0,0,4.72183115109942e-18,0,0,0,0,4.28028535584157e-18,1.12667164524806e-17,7.31436124786109e-18,0,0,0,2.50883902131543e-17,2.45484474101856e-20,1.50184778419454e-17,0,0,0.00639107224567789,0,0.049523730187051,2.95314026967764e-18,0.0314004683662629,0,0.0111461422067158,0.0311646849899496,0.00245603013168679,0.00639054205606062,0,2.31033962620632e-21,0,1.42336465060056e-18,1.95261815184875e-18,2.08545719372411e-18,0.00549500676363507,2.16727141338469e-17,0.0142306109703414,3.49736574797878e-21,0.0243455838523014,0.0384676458446747,0,0,4.99656660526731e-20,0.0427352631860313,0.0419909552300739,0.0536469406587912,0.0808135872148366,0.00618939613766531,0.00581026989314316,0.0067620677200598,3.4348443152097e-18,0.0178768833300589,0.0119177803372747,0,0.0196035176831027,0,0.0419177086023994,0,2.95933387157552e-19,0,0,0,4.49428437363511e-19,0,2.63327677088419e-20,0,0.0199190228153652,0.00645943096003084,0.0384262961908895,1.45790922283212e-18,0,0.030802050856325,7.12783885241468e-18,0.0545028948192987,5.16270285542566e-18,0.0112239307659666,0.0367327676677871,0,0,1.96720789702352e-19
"CD4+ Tem",8.67903106331858e-18,0,6.76714237761499e-18,5.98125643033956e-18,0.0113780513874051,0,0,0,0,1.82804599178952e-18,0,7.59179347402981e-18,0,1.30754117423741e-18,0,0.00937931089533916,0.0158365817992202,0,1.97142575718128e-17,0.0126039893639173,0,6.12131424239933e-18,0,7.58524678123593e-18,0,0,0,0,2.01634616687007e-17,1.15958453998464e-18,0,0,1.29388736618741e-17,4.71095760368407e-18,0,0,4.19998448105771e-20,0,0,7.25043464027429e-19,0,0.00774668923676946,0,0,0,0,0,3.08398473531856e-17,1.0542625665656e-17,0,5.6060114604287e-18,1.20587299589142e-17,3.84164895119021e-18,0.00645074062106106,0.0681531892761646,0.0378856983464071,0.0727681288066807,0.0361170532894308,0.00297075348019112,0.000178689178242691,0.0936129020960764,2.86974802379635e-18,0.00074329179473397,0.028476346080124,4.67844500312919e-19,0.0181940057971769,0.0170072777548307,0.0201206003358045,0.00399660270726631,0,1.00312902990196e-18,1.50920749097158e-19,0.0207955258572701,4.22110462538852e-18,0,0,0,3.27689268292726e-19,0,0,0,0,0,0,0,1.26604928215552e-17,7.96233248586723e-18,2.12915764445715e-18,1.25150786275973e-17,0.0160056456237143,0,5.6113075560649e-18,0.00108773740517536,0,6.03771847880596e-18,0
"CD8+ naive T-cells",0.00223235399004044,0,1.84721334332847e-21,0.000182354123387837,0,1.02137583167935e-19,0,4.21872785816647e-18,0,0,0,8.54928799084137e-19,0,3.35400665559006e-20,0,0.00451298505915181,0,0,0,0.00203023915022379,0,8.11607276187438e-20,0.00498291401001122,0,6.34893400559583e-20,5.02608119040841e-19,1.05168018433573e-18,5.52046486632169e-19,2.63788068594135e-18,6.37194057557533e-19,4.52103968507517e-18,0,3.24795544461185e-18,3.34607551537131e-19,0,0,1.4081474286699e-18,4.95345506617315e-21,0,0,0,3.13123679820657e-19,1.73773765335607e-18,0,5.27686644367831e-19,6.76378116443247e-19,9.43561948128958e-21,1.28027565328845e-18,8.59452982279963e-19,0,1.15672030837675e-18,3.14150675580646e-20,0.0199226740272583,0.00443592325369746,0.00984020002959525,0,0.00945413902437965,0,0.0142006350030638,1.25440051609814e-19,0.00357034369077246,0,1.16448920765941e-18,0.00984620658798177,0.00554727453547759,1.53581750734987e-19,0.00760369675207318,6.3559424723458e-19,1.23179257291773e-19,0,4.74367476989641e-19,0,0,0.00938394467427807,0,0,0,0,1.13096682090569e-18,0.00117536119892943,5.17473940936506e-18,1.23563957656563e-20,0,0,0,0,3.03248956060309e-19,4.67967156670495e-19,2.40148651527162e-19,0.000443600543932197,3.45134377573451e-18,0,3.0050135158134e-20,0,1.79306870484973e-19,0
"CD8+ T-cells",3.4252839813943e-18,0.00240445738644192,0,0,0.0112685595170895,0.0242128793501633,0,0,0.00325186280476188,0.00488613367247513,0.00716226518243191,0,4.96678583425858e-19,0.0979519461736114,7.25048831917751e-18,0.0188786596157132,0.0434973155204492,0.0694497262970897,0,3.7343557037193e-18,0.111959064733379,0.00433251609458244,0,5.74393822759864e-19,0,4.36063040594774e-18,1.28322486090714e-18,1.21432037544159e-17,0,0,9.17986757598761e-19,0,7.27846802089097e-19,2.33012364171391e-18,0,0,0,0,0,8.4661332426754e-19,6.32915132369826e-18,0.00698268100348741,0,2.72023040928805e-18,0,0.00561069878761285,0,0,3.69204139585455e-18,3.03144923930667e-17,0,1.46770828954674e-17,0.0100949680466882,0,0.039876883524265,0,0.00207601021126738,0,0,2.48339220627684e-18,0.0274954884869771,0.0128023493881171,6.49023601284724e-19,1.8347324040228e-20,0,1.09407254171128e-18,0.0179385303187166,0,2.2982461992214e-18,5.95389486138037e-18,4.79076598615914e-18,1.14130622285174e-18,0.0114981303597743,0,0,0,0,1.73367745924931e-18,2.48204132368197e-18,6.97237972737089e-19,0,1.01547756163145e-17,0,1.97015482735021e-18,1.83971567165361e-18,0,0,0,0,0,7.02026065817886e-18,0,0,0,0,0
"CD8+ Tcm",0.00150170648077463,0.00484051859085747,0,0.00657535065945833,0.00260991710519868,0.0132878178397455,1.4008533240512e-18,7.07500453549959e-18,0,0,0.00250514499500286,5.15672348306148e-19,1.2691558485294e-18,0.0740189583711915,0,0.0138553620940407,0.0720119415505072,0.102275413153067,1.3448996416742e-18,0,0.146227450656327,0.0165388354795879,0,0,0.000692894711350092,6.18947927398898e-20,8.68026252488936e-19,1.70823426379667e-17,6.06323263117443e-18,0,8.50490017353165e-18,4.81497229173951e-18,0,2.25660122618647e-18,0.000422935567648925,4.32844755355897e-18,0,3.44032025459889e-18,3.10480473586512e-21,0,0,0.00299466303625093,0,0,0,0.0213458776115534,1.05635481101986e-19,3.19841486858293e-19,6.10582122442309e-19,0,3.49779605573019e-18,3.12500002859275e-18,2.12617408202046e-18,1.23649915177086e-17,0.0570293431841178,6.0271512935188e-18,0.02865047703103,2.58776962450961e-18,0,0,0.035046094965578,0,0,0.0226832232002456,8.4675023797603e-19,0,0.0283785726830166,0,0,1.26489675717259e-17,4.83971710736785e-18,0.00454877809500984,0.00311600023119477,1.32235897242065e-18,1.38872295040708e-18,0,8.71192200554677e-18,0,1.7293826866014e-17,3.89113115399402e-18,1.28469145806467e-18,0,0,0,8.96909557545461e-19,0,0,8.15094953334766e-18,0,5.29976458858406e-19,8.70785986914078e-18,0,8.01397744699813e-19,0,0,0
"CD8+ Tem",0,7.16379200456161e-19,0,1.00192888199829e-19,1.68831071205972e-24,0.0131652651684039,5.39811293394686e-18,1.77795463539095e-17,1.31423332333845e-17,0,2.12019289420354e-18,0,1.76673546968071e-19,0.0773531111019714,3.05644866925829e-17,0,1.1739821103356e-19,0.00419419728257612,0,2.49198810572942e-18,0.0118638366804012,2.05048800334204e-19,7.91198219764427e-19,6.30867111060112e-18,7.76989754105248e-18,0,0,0,0,0,0,0,3.03719164011156e-17,4.27722329715518e-18,0,9.38929947254244e-19,5.25219453080794e-18,7.66470211242866e-18,3.38107493518509e-18,0,7.44465125657702e-18,6.72176713376996e-19,7.1740007571706e-18,2.92288756263759e-18,5.83599077278658e-18,0,0,6.86985510771913e-18,0,0,0,1.63970656537283e-17,0,1.03949465221902e-17,0.0367477194394326,3.8126751341302e-18,9.53781361790179e-20,0,0,0,0.0205473610880428,0.0309131674449022,0,0.00438464939289753,7.78018114100288e-19,1.58078033850678e-20,0.0483802963647308,0,1.36568135018794e-19,8.82691904440475e-18,0,0,0.00540444222832956,0,3.77258644531762e-18,4.67163174448093e-18,6.04778527904299e-19,2.8438637815461e-19,0,2.68072933313719e-18,0,0,0,0,0,0,1.71698767392417e-18,1.3327073207525e-18,9.39829913509123e-18,0.00434972191143587,0,0,2.73144167788746e-18,1.8376886699257e-17,2.28985194467436e-18,1.85533747298812e-17
"cDC",0.00211089813552816,0.0277413553115406,2.3388332820124e-21,0.0030276916276219,0.00651901359510703,0.00660760581615261,1.21172201010713e-19,0.00660760010124973,0.00175582044549302,0.023712928210762,0.00854271467625655,0.00755250698731736,0,0.023211353179306,4.88475096129737e-19,0.011243706886869,0.0271853627896078,0.0331512567656179,0.00756895376771787,0.019850285524131,0.153833721582578,0.0134830155041697,0.0107792151221497,0.0107887445386446,0,0.0321854722759786,0.0124758840884331,0.0281031956395635,0.00479014811113932,0.0329950914986137,0.0581852503738713,0.0791446049407333,0.0266268455309876,0.130291428166605,0.0135252256242132,0.0783854846794326,0,0.0327418277308249,0.00368354895008299,0.00406352264267399,0.0500127324005801,0.0119956614313742,0.0308592385243581,0.000946113986326033,0.0151598518289948,0.0141824526948302,0.0283322915100129,0.0136371731058811,0.0128298678276227,0.0427578343891317,0.0124233620992668,0.0626955151106522,0.00364805387778376,0.0024843846380639,0.0319946973756878,4.91986086549465e-20,0.00809958608213908,0.0125289986690637,0.00115775680414197,0.00174247895903656,0.00151362788308933,0.0255117180114909,0.00225708932809889,0.022461720582316,0.00524738942225979,0,0.00408520048318093,0.0172901842456411,0.0023298738017007,4.92250278875148e-19,0.000288272048715074,0.0136138173797878,0.0276599035083597,0,0.0250894727806556,0.0202236675569828,0.0190906358409559,0.0456163747540333,0.00184064569518387,0.0655091964406291,0.0202092474240693,0.0189140096995242,0.00672787346254102,0.0111213672511238,0.0180230321261385,0.0540565490470142,0.102225410847187,0.00744150692544573,0.0616391327191037,0,0.0984366036554248,0.0016980711164071,0.0171627403539909,0.0755034232977754,0.0322746345342456,0.00530977771719444
"Chondrocytes",0,0,1.02895260486559e-18,0,0,1.09074302684217e-19,0,0.0140724344335585,0,0,0,0.0396932825634862,7.96104246504858e-18,0,8.79766652029854e-18,0.0269754999740103,0.0289571733969645,0.000882178004714061,1.66596130017951e-18,8.15907014412567e-18,0,0.100202747772733,9.76275937417647e-18,0.0554418255142429,4.42688122133193e-18,0.0326630484084084,0.0410116281326727,0.0577892785946271,0.0424946000944173,0.0322112209543958,0.0146070678394438,0.0238440611056191,0.0419626140192119,0.00790621648853282,0.00706882768624548,0.0125989255661306,1.80716862581609e-19,0.0297382695688808,2.97711012276996e-19,0.0333100601310814,0.0730300945624237,0.00480993241374828,0.0357550707384181,0.0480886121721295,0.0188395958186785,1.93971836444946e-18,0.027749983268624,0.0498071439022329,0.0239609867192406,0.00996031143481845,0.00840166735785734,0.0510516652534753,0,8.91148319917824e-18,0.00257520811526038,0,0.033466164531998,0,0,0,0,0,4.21686207256276e-19,0,0.00721799367989872,2.98657900789875e-18,0,0.000120849859997596,0.00893650669377246,0.0388339140075025,0.0661343171612962,0.0250783504088516,0.063117029063961,8.48565308198523e-20,0.0380291262757219,0.0596929551360163,0.00661733009159694,0.0274393673206537,0.0575942983121519,0.025301483779151,0.0312399022822631,3.41771559179905e-18,0.0228990114261511,0.0589406615889491,5.49738542077093e-19,0.0149490802944145,0,0.0164320977125359,0,0,0.0167434227608038,0,0.00300866547794191,0.0605153422084961,0.0387071688381158,0.00891433564515967
"Class-switched memory B-cells",4.804201403576e-19,0.0509983801933567,0,0.00918799245425067,0.0237665699422387,0.0255790757060336,0,0,0.00126791227644099,0.0205135487558272,0.00278149293467553,0.0437984808214905,0.0499279912006144,0.0363809363304816,3.60527469003781e-19,0.014707547674972,0.0197922678746704,0.11695902243186,8.3701728777965e-19,3.19024520923485e-18,0.195522255336669,0.0200770326157166,2.43667373544817e-17,4.65591129018076e-19,3.92587813311251e-19,5.84373048479532e-18,0,4.29976092983661e-18,6.34597467990188e-18,1.01189190643187e-17,0,0,0.00118094444792455,3.1969868192058e-18,0,0,3.76403185842794e-22,9.34158014375342e-18,0.0159963120340703,0,0,1.9289525667536e-19,0,0,2.26980585812156e-18,0,0,1.88826861280985e-17,1.5433093560022e-17,0,0,0,0.0204439319502431,7.11670348782799e-20,0.0294276000189502,0.00625050038732734,0.0207823504973507,0,0.00372630491036517,1.74062699203752e-18,0.076518405048228,0.00510429077470389,0.0307982857742357,0.00778838451207018,0.00875488925419572,0,0.0250370378761762,0,0.0374615409555601,9.78127296318187e-19,3.56051052729534e-19,9.74007338799485e-19,0.0181344438661158,0.0365331515444785,0,0,7.484281813746e-18,4.10884968584207e-18,3.61841474348242e-19,7.5201958832231e-18,5.67402780669106e-18,1.27913159451663e-17,3.01287578444752e-18,0,8.42882936326741e-19,0,1.34777310497413e-18,3.77346303694147e-18,1.20961301019547e-17,0.0178615069200254,0,2.38667323442059e-18,5.5183438135762e-19,1.68163828176911e-17,0,1.0014038048469e-18
"CLP",0.0732751033045206,0.1217334082867,0.327664955044525,0.174305144871649,0.00909421134118852,0.0597110264162679,0.0983227228668243,0.120343029412298,0.0228760551904395,0.0329751304343052,0.134963199470193,0.0701522341648926,0.0464616160249915,0.00223213617538688,0.107544103365494,0.234821260132045,0.100671674088215,0.0808796706491033,0.202088056711915,0.242627604176451,0.0639772221525839,0.0261024799975858,0.114915064787113,0.0275978625197645,0.192162010392662,0.0554464857845875,0.0237154540405609,0.0089893668177702,0.017418946303784,2.64443779317338e-20,6.67074654981929e-21,0.0102055806981365,0.0158672861013351,0.0313311718661381,0.0103669183829734,0.0261429987690935,0,0.119230228017025,0,0.092267998465942,0.00445277019336377,0.0496440439183852,0.00750397251363129,0.0508018379610006,0.0363788226882341,0.036622105040608,0.0231109061019675,0.0129666322288189,0.0231351861366077,0.00423447064037037,0.0553251085651199,0.0340673750861837,0.0376825340332582,0.0768741760552239,0.0614204323362489,0.06124797753525,0.0290997743890686,0.192473545918479,0.355756649042986,0.00925722502647163,0.0785752003023221,3.53680517805355e-19,0,0.0714789986095421,0.206754750846807,0.108081700277858,0.076327366838076,0.0261530987419481,0.0240499221692597,0.0298961112769686,0.00155810402454162,0.0953239067327195,0.011840366242974,0.0590196121516881,0.00620465511201132,0.0296218397125023,0.0188673514781219,0.057137971066945,0.00172606163636474,0.0265275060163018,0.0313284366058062,0.0493766362895708,0.0330268255058433,0.0229254447011183,0.00258489878491463,0.00234996708437136,0.00267974022835616,0.0060645972665357,0.021897756576665,0.0113080934044043,0,0.0217214546484643,0.0209651474208397,0.00437334807755775,0.0253391806526106,0.00525240181452157
"CMP",0,0,1.02787349050338e-17,4.61309421112474e-18,3.57032851588044e-19,0,1.70632198177341e-18,8.42780371423737e-18,0,0,6.87744232001156e-19,2.21327462941432e-19,0,0,2.06112132617026e-18,7.89059612455654e-18,0,0,0,9.89029871828949e-18,0,0,2.54102685500721e-18,0,4.39014842927319e-19,7.28419771874386e-19,0,0,0,0.00374094257366677,0.00344033566534342,0,0,0,0,0.00305618333015388,0,0,1.18635463954606e-18,0,0.000162829864124048,0,0,0,0,1.62558729488256e-18,0,0,2.44403188219287e-18,0.000273685054594776,4.20046396168528e-18,1.70567961187996e-19,0,0,0,0,0,0,2.11303626262576e-17,1.83236952935873e-19,0,0,1.06816594607739e-18,1.3534822157935e-18,0.00275007734957316,8.1079293930048e-18,0,0,0.00465441350517111,0,9.72225132060978e-19,6.96565218868906e-18,0,1.16493357635547e-18,0,2.07368388045449e-18,0,0,1.60785715855185e-18,0,0.00643710413622377,2.71982033871745e-21,0,0,0,0.0123343165290763,0.000364481983018061,0,2.73628767224353e-19,9.40253227667404e-19,0.00313316792899718,0,1.33411762239797e-18,5.46933316584514e-19,2.51089760406947e-20,1.98293893053274e-19
"DC",0,0.00231529507666819,0,2.62289066347977e-18,0.000504076968658087,0,5.09279960677775e-19,1.60529891749276e-18,0,2.09452728861275e-18,0.000216506114020982,1.48309268658403e-19,1.95037451794638e-18,0.00458110695170174,3.27682501602973e-18,4.39874658592103e-20,0.00328436768734749,0.0070856951164931,5.10952128859707e-19,0,0.0371032205548404,0,1.84394335952324e-19,5.02051817370159e-19,1.22558027659479e-18,0,1.17055792714326e-18,0,0,6.77494585960425e-19,0.000325360021732057,7.9176064610399e-20,0,0.0138972654137589,1.77430325424523e-18,0,0,1.04643836947177e-18,0,0,1.83698571211051e-21,0,8.21963929517887e-19,4.02085083724497e-19,0,3.97680915908089e-19,1.22444077051894e-19,1.65550576697542e-18,0,8.36275843495762e-20,0,1.04295494062696e-18,2.23687604492905e-19,0,0.0112090215712479,0,0.00538515476208255,5.92026393996489e-18,1.19360254252684e-18,0,0.00195633648849967,0,0,0.00394400303749474,1.47347450971144e-19,4.37612921917255e-19,0.00645675061526586,7.73725523818158e-19,0,2.38117531259928e-19,1.91109382146906e-18,2.30006335616418e-19,7.76487703912429e-19,1.0637056411538e-20,2.45041736418397e-18,0,0,2.17909446253665e-18,0,3.01764156596139e-19,1.16932633501653e-18,0,0,0,0,0,0.000715508885378038,6.69319980613098e-18,0,3.17284710558479e-19,0.00622594506527771,2.87222531601509e-18,1.9627282143243e-18,0,0,0
"Endothelial cells",4.3594634516724e-18,0.0344271397156683,0.0192129868664118,0.00310568962995467,0.014969778712748,0.00191044393045898,0,0,0.00875018306972728,0.0591000098523564,0.00726441701695502,0,4.4021541256112e-18,0.0173143043176856,0.0217346902243474,0.0225471301962314,0.00657891450630983,0.0158961343085462,0,0.0419744642122706,0.0590995807274187,0.0311454563036783,0,0.0875199539412427,4.63155772548141e-19,0.145475356694558,0.0737058344421462,0.399427717468443,0.324361220044916,0.314873816704541,0.337833722625933,0.272170403617175,0.0334519758078368,0.277144829917236,0.202217186805102,0.294688664902682,0.141359556567729,0.0607628512531578,0.0608229786989902,0.0491911509667711,0.245634385919742,0.0795010657815129,0.186565497056841,0.10085071186378,0.130011414884778,0.0821841782561992,0.134545354267232,0.357911109781258,0.3210555384061,0.369430507655643,0.143958262351628,0.327376621533248,0.0208460184421086,0.0103815417292217,0.0333455920348293,0.0374447064966487,0.0861242022880307,0.0201166257233418,0.0700162088540953,0.156456923267271,0.0185832826611209,0,0.139657189057574,0.0134222577403188,0.114221749028086,0.063728487162265,0.0284597795405367,0.0566771126015764,0.054620762770131,0.170049189778506,0.0172473620591692,0.0640893701872226,0.212669579860399,0.0243152855305128,0.0828690350028905,0.14062956236961,0.269210386518714,0.222593831568333,0.252221408919327,0.302308785067862,0.356042809378721,0.311366257614216,0.273378208864033,0.311369776240049,0.0722931597461686,0.274158646265739,0.249666649054678,0.23062471720209,0.324178401730378,0.0842193179990877,0.305908942347601,0.23088705519841,0.220369878930557,0.385568548580633,0.0807850110142982,0.325049357547595
"Eosinophils",0,0,0,0,0.00388502889000924,0.0116521677574568,0,0,0,0.00295682690097793,1.64401499719988e-17,0,0.011460130743668,0.00798875824213092,3.80601572875336e-18,1.45911849901811e-18,0,0,0,0,0,1.15652798005423e-18,0,3.90386732860226e-19,0,3.3452406663625e-18,1.21054758901205e-18,0,0,2.58435044005805e-18,0,2.9203718611329e-18,8.37352431658032e-19,5.25573291777718e-18,0,8.89389062193843e-18,0.00302894107746119,3.05339342849365e-18,4.46414747430109e-19,0,0,0,0.00583954224671311,0,1.77456669898637e-19,0,1.3450258101145e-17,8.28820833567765e-18,1.66430959121359e-18,0,0,2.41276280491681e-18,2.77874404702979e-18,1.55714137806588e-18,0,0.00211944971317665,0,0,0,0.00443183592594616,0.0011360228211896,0.00355311789699315,0.0136135693865118,0,0.00330211939240433,0.0102200256061267,2.33655649924655e-18,0.00127451558636638,0.00621712438690904,0,0.0103472184935088,0,0.000550375108983286,9.93004493598382e-18,4.53562285961483e-18,3.32310479428723e-18,0,0,0.0256857489380693,3.2692268703532e-18,0,0,0.00152597275916305,1.64372005978978e-18,0.019249695122784,0,0,0.0131128524802404,1.11899052030813e-18,0.00970435700085948,0,0.00294504413962812,0.010467196478145,3.2022189242908e-18,4.2698281155495e-18,0
"Epithelial cells",0.123759025595845,0.0861095910934064,0.140555581514072,0.107496252109028,0.0756280162129914,0.113105636950993,0.102105515617086,0.130470713219946,0.0978999332111964,0.0637973356025299,0.110924681953585,0.137562170925658,0.0525515686521334,0.0645046101839776,0.138948333970548,0.0707498238605157,0.0555894345433189,0.0646099433404598,0.0994027551408211,0.132275584809697,0.0279751919836927,0.0706872588539142,0.0804680169563064,0.0796337379618848,0.0288855532744548,0.0833695457351189,0.200118285425882,0.0334907070986018,0.0803025813319279,4.57144551580491e-20,0.00670293211853247,0,0.0718672498157856,2.36418057336662e-18,0.0899889846035025,0,0.0978565049634413,0.0224559458154051,0.0931095082623395,0.180275397898609,0.0454805354265604,0.137535653698659,0.0739837860947852,0.0994204105703202,0.141885970038958,0.113653215714374,0.0583007222145305,0.0379876264101668,0.0857958535328505,0,0.115579184563623,0.00290716778953239,0.0799776739055212,0.0904677752999591,0.197484123800978,0.267109012288521,0.106635877634073,0.237354669660843,0.0673998628084623,0.188466905970891,0.147408144216986,0.127869500176163,0.0502669542796487,0.130444213344115,0.186309500798829,0.121490027880579,0.0908079055372315,0.196150320967448,0.144709292462114,0.174741155614002,0.205738225800024,0.160776900231017,0.07858018863362,0.107799316747468,0.0663356112729641,0.0646401564595152,0.0929362348826794,0.0791344166349685,0.0908031879483703,0.000810124928372378,0.013930445785263,0,0.114713790400127,0.0701285018741228,0.141887823404739,0,0.00862093271876693,0.094802743726053,7.07487327103559e-20,0.151498783691243,0.0178513929145593,0.149532228399369,0.139037580721672,0.00466274808746633,0.0852640878295978,0.0589930105592725
"Erythrocytes",0,0,2.55782656092459e-18,4.80157681084448e-18,6.38687939856486e-19,0,0,0,4.20226072367154e-20,1.74519145289067e-19,5.32178736487994e-18,1.87219787638919e-18,6.5449883369426e-19,7.22283576984078e-22,0,4.7765301504833e-19,0,6.73716175660983e-05,0,0,4.52286961912338e-19,4.23695642358277e-21,1.69221620399722e-18,1.08690584491211e-18,0,5.28896041300487e-20,0,0,0,0,0,0,0,0,1.90398834350261e-20,0,0,0,0,0,0,9.95627864653543e-19,0,2.12930071581819e-18,0,1.68972270659319e-19,0,6.40438255589491e-05,0,0,0,0.000194865948523897,9.70264229717145e-20,0,1.27041898383941e-19,0,2.04628851052712e-19,1.3959711104195e-18,1.20311401421859e-18,1.52478229073607e-19,0,0,0,6.02514240780516e-21,3.99077549130167e-18,3.5227593514775e-18,2.36852673766977e-21,1.36616230978342e-19,0,7.07986846039228e-21,4.72585287103009e-19,0,0,2.07669563649241e-18,0,3.29377604565256e-19,6.25221817810454e-20,0,0,0.00173045626194091,3.28820286442753e-20,0.000834293954564122,1.25281504191338e-19,2.66441041714504e-20,0,7.34388977642809e-05,5.62785573139257e-05,0,2.3640922844025e-05,0,0.00137480716518627,9.10364381150081e-19,7.44700807855596e-19,0.000373584516282001,0,1.29290065145466e-19
"Fibroblasts",0,0.0727020267008615,1.19981746706989e-18,0.0341801231735359,0.00171322794032091,0.105460288739854,0.0560542834294626,0.146817720228444,0,0.160414760507487,0.124082505183181,0.0826087895889759,0.00662901127793739,0.000128251466296728,0,0.11711939617025,0.235278195298975,0.101165426116877,0.130554894430364,0.0256778466420277,0.0944377384233481,0.244571253957551,0.024651219579662,0.164277592929672,1.53665554944573e-17,0.215256635931716,0.152626537441506,0.31945052826192,0.229349920107178,0.403422612436324,0.414734755445837,0.353932223930415,0.255133172786715,0.24895956533601,0.187116462499396,0.267376491690432,0.304852631289289,0.434673983809246,0.245079004703583,0.149179958188937,0.409163352947662,0.134072576539767,0.314554454911664,0.188631435497185,0.207012495086795,0.154804749404178,0.344218677817451,0.281138539822396,0.137915749851213,0.261930922242934,0.193948813174654,0.36561535558076,0.0409351718060869,0,0.0738496947763874,0,0.0938859800878914,0.0573229409869223,0,0.172624795944715,0.0626118734138071,5.40016644261554e-18,0.0917441492523951,0.127913107897339,0.0623917863575237,0.0613423753151067,0.0621688763977959,0.227312649017828,0.119761956927243,0.152480113183176,0.111846523268577,0.218018406983412,0.223537891023556,0.0402147763357564,0.220501184530404,0.262959552960701,0.279666083825754,0.181559795383168,0.245317788392143,0.293398707051948,0.312292414074717,0.196663953667436,0.1820672018862,0.262577490819383,0.172451722979536,0.377710038210456,0.303500985437635,0.293923868431593,0.191803341860267,0.187888942495794,0.333920140921045,0.213005703139749,0.252806750185833,0.30389563316861,0.274974057091445,0.289527784718591
"GMP",2.88019890397019e-18,0,0,0,0,0,2.30886040160182e-17,0,0,0,0,0,5.67107083804224e-19,0,0,1.68192775363741e-18,1.28556390635948e-19,0,0,0.0657452952303458,0,0,0,0,3.94669503937845e-18,0,2.7790165793916e-19,8.61803810589649e-05,3.66363660914842e-18,0.00190247495692764,0.000430997327479578,7.38256821453384e-18,0,0.0194053436781446,0.000168188081557763,0.0154227222718676,0,0,0,0,0.013411515641006,0,2.65167838355981e-18,0,0,1.90407903543434e-18,0,1.46172773145965e-19,2.68704918806662e-19,0.00841659657234613,1.3023335161592e-17,0,0,7.14891945881982e-18,1.4968670036637e-19,0,0,0,0,0,0,0,0,0,2.40379793301569e-17,1.73367945238722e-17,0,5.29763279809172e-18,0,2.92553670578775e-17,0,0,0,1.72379436082425e-17,0,0,0,0,0,0,0,0.00196587385120091,0,0,0,0.0176035698221317,1.44467427021646e-20,0,0.0064096178885997,7.7666597226192e-19,0,4.10469263317251e-18,0,9.30525645223266e-19,1.97327092888707e-17,0
"Hepatocytes",1.10583417399472e-17,0.00184447560111846,0,0,2.16890468307625e-18,0,0,0,5.1248078926557e-19,0.00188788395469016,0,1.20035897617517e-19,6.52486081955706e-05,0.000181111505147832,4.96747920057761e-18,0,7.34067906637956e-20,5.84825862763112e-19,6.32105373646257e-19,9.68102860768907e-19,0.00214975802237638,1.5583946998905e-20,1.80036053342962e-18,0.00469181862287603,0,0,4.6656281575252e-20,0,5.03682501489406e-18,1.16013364077717e-19,0.00189378349497122,0.013785880567062,0.00460816268240266,0.00224411828246899,1.30747564351646e-19,0.00866860744712446,0.00510805791892487,2.15711776432762e-17,0.00361041129212821,0,7.27407354202708e-20,0,0.00438141546285084,0,0,1.96032688524454e-18,3.42905652063216e-18,8.52556601578529e-19,0,7.85964681828766e-19,2.57803008143592e-19,0,3.85493871179307e-20,0,0,0.00527113057801818,0.00299627868211043,0,0,0,5.30054296510201e-19,0,0.00584907665734939,0.000454920980181502,0.00261992974223234,2.77668611203964e-19,0.000636965043383003,0,0,0.00664315784099419,5.01899689850916e-21,0.00296967429664743,0.000930745910292893,0,0.00594449438312971,0.00754914313482358,0.00932172369766275,2.43458458434449e-18,0.00451006669118947,0.00766968840064758,5.41290576493566e-21,0.00606021128363258,0.00360124914428078,0.00268993865153881,0,0.00539555484684623,0.00613002341963506,0.00119770836421925,0.00142587199524358,0.00211799390729799,0.00647364477976811,0.00307299019971689,0.00572260696584411,0.00909796640017012,0.00793946007100897,0.000902166064356214
"HSC",0.0172202783533098,0.141977873701169,0.130377674097877,0.0445739746311387,1.68580631687325e-18,0.0622375806160547,0.151924391067797,0.12912443537757,0.018020384938306,0.170026140200344,0.139659763967667,0.115262118037371,0.0199640967101396,0.00805061600818778,0.0598104845360829,0.130879863875303,0.237149212878661,0.25915825124672,0.0283733585480219,0.195085044079392,0.0947794676404134,0.272667672683084,0.162517876841435,0.382354905043912,0.0820762348944693,0.35390842833267,0.246701244007166,0.70498363946812,0.586280899062407,0.577321080818297,0.566747290036133,0.569037018359476,0.207309550276656,0.605058345169883,0.391039925680836,0.54470220664809,0.157375417655951,0.509123305140322,0.104486062827705,0.284913463004392,0.478537306825873,0.221810170218184,0.482886244767095,0.234525503167794,0.410486713058475,0.254972963892143,0.522419325114234,0.731493502944106,0.677487452496878,0.661102293154549,0.304739985877008,0.767908572312106,0.0606788083841715,0,0.0131534837689856,0.0767078745976267,0.158579422469837,0.0270045268245848,0.0224759096950066,0.225901491343058,0.0255727725610229,0,0.14990320859462,0.0164618209594969,0.190031166056998,0.146268664857224,0.143016312429176,0.168554081567782,0.144140150597772,0.228984859601441,0.153431259582723,0.313325296644248,0.301022679828658,0.0070719431950454,0.259690916096911,0.40838760530304,0.358063722286477,0.333061329626777,0.409642057698911,0.472896351960358,0.445398089103013,0.515573160754906,0.394430432190217,0.382088442194888,0.0595395635871584,0.524136600469757,0.441313351378383,0.306999457519446,0.460520629354419,0.102001878147873,0.474022980271664,0.341356158171696,0.305259662378156,0.619660889326739,0.421565387908065,0.401323870499338
"iDC",0,0,1.84646503528885e-19,4.53987972974129e-20,9.33033324572605e-21,3.13922646544506e-18,0.0117119318867839,0.0472724169718083,0,0.0163873236615819,0,0.0441356927746174,3.31716722518384e-18,0,0,1.22586190511984e-17,4.37718270107531e-18,1.45561415348567e-18,1.24232416003595e-18,1.95746574792034e-17,1.28439652696076e-17,0.0171243918946336,0.136469537165701,0,0,0.0197611094524078,0.0205461012702702,0.213340267221884,1.10684533234914e-18,0.0395337007039394,0.249741734162692,0.141040499895745,0,0.370755138931497,0.00504544191987931,0.150698841619897,4.4137157477945e-19,0.195087205033779,0,9.67986582918653e-21,0.154937310958583,0,0.0817017240173887,2.18600334348232e-18,0.0199261215560609,0.0257012537249028,0.053420133235856,0.0647893624429947,0.0481153050877752,0.162303715960335,0.0230985658386628,0.16647870412987,1.21494401203181e-21,8.64145699194388e-18,0,0,1.14141631765675e-17,2.5045394455559e-05,0,0,0,8.35894628771253e-19,0.0533140791832452,4.4265299769217e-18,3.00519757027123e-18,0,0,0,0,7.9219966540738e-18,0,8.8477403170407e-18,4.803777186615e-18,0,0.0440085909420314,0.0196005082993046,0.0420689140945404,0.0127533414032407,0,0.244907767941891,0.102770901818632,1.75561142243363e-17,0,2.24885802276978e-19,0.136973013490619,0.0672552781750097,0.205513946657462,0.0158427159014842,0.0526820686221303,0,0.343394371104102,1.45569779489324e-17,0,0.231053229926123,0.0757402153211272,0
"Keratinocytes",0.0560498289659607,0.00377451775303434,0.0104760784822298,0.00655303908212531,0.00835836691753783,0.00442154326929592,0.00217540094042773,0.0320505855090554,0.00417026163845785,0.00963660414642968,0.00472993969508858,0.00463136440135393,0.0020917291564765,0.00273474992632237,0.00441349321727366,0.00301327533598095,0.000753337414384293,0.0117448228056866,0.00176336156903646,0.011594674690784,0.00212261284142178,0.0104635706250624,0.0387117194396476,0.00092272526472498,0.00600255529481957,0.0146053643559281,0.0174129985468482,0.00164651268280074,0.0245113517929572,0.000222962978835143,0.00188189454655088,0,0.00129024889716069,9.63993375097405e-20,0.0168491360931899,3.05209540390871e-19,0.0222172767519095,0.00983985763867411,0.0169329717346597,0.0656678388022799,0.00643095389976236,0.0483987746867508,0.0283459373262135,0.0426124402236135,0.0381120891831473,0.0179350226222717,0.0175192192508158,0.0102001515357671,0.0304809029754484,0,0.036482498900823,0.00449989922727562,0.00242400777688247,0.00597443995836201,0.0244445079243038,0.0502300798077985,0.00481409143089187,0.0562032047407794,0.00305762659758381,0.0280692441179726,0.00963352547809718,0.0742449695815571,0.00127559248506738,0.0266003444931001,0.0202636449501217,0.00803727062366037,0.0168935054830522,0.0370134427363273,0.0128034844473084,0.0283908918868919,0.0320400913774596,0.0151942139946021,0.0136571815449917,0.00554551224492401,0.01034167572666,0.0147159727230817,0.0187534535007942,0.0157881854372712,0.00824598827138666,0,0,0,0.0177841080052282,0.0159274137687858,0.0311903448114405,0,0.000334028018322512,0.024368461559462,2.22736245597292e-19,0.0319949872722983,1.07648419324008e-18,0.0366848785981361,0.0281275933936096,3.02481429213634e-19,0.00830202209702691,0.0144736593927217
"ly Endothelial cells",1.26242684661412e-19,0.00312652370006465,0.00113802531704237,5.46017207227345e-19,0.00640968887706771,0.0017125014571247,4.94089250372664e-19,1.68089969031424e-19,0.00137464866098276,0.0260100211525175,0.000552192125595299,2.07416287556544e-20,0.00203865350475152,0.00430178904272814,0.00270141321035479,0.00392183357539745,0.000715167122763691,0.00110221906083389,8.27184585957212e-19,0.00709012698054199,0.0230455240248851,0.00605543944223471,0,0.0223127632775822,0,0.0526905507003622,0.0197034109333685,0.330697080291825,0.241261039697963,0.226667348677048,0.263942954502302,0.213201057394888,0.0106143365352292,0.235460786354458,0.15132543097921,0.237042165259206,0.0918796727998671,0.0231150477280367,0.0414904280048669,0.0154020319655202,0.150414063752834,0.0283708584522568,0.101769195024301,0.056972171754448,0.0573339088777194,0.0390473695165544,0.0783133230012945,0.282074422920119,0.226979152792367,0.25666271748416,0.0772637307865374,0.196206053816471,0.0183765095877646,5.00285427073461e-18,0,0.0105300790479497,0.0309488104185481,2.01573937349484e-19,0.00906085601394352,0.0936621718914288,0.000982063651540044,0.00490320913057829,0.103792876213021,0,0.0465275409028899,0.0189922804909406,0.00604965898234512,0.0184672288174016,0.0225716627059229,0.0869185896328598,0.00711201064798888,0.0127764699051688,0.137330131614753,0.00338728117182787,0.0214729242621574,0.0670135951066753,0.189955887977348,0.113469875168785,0.196397380322598,0.217124983642841,0.287470579898032,0.233200141637489,0.178356048060299,0.253574894299829,0.0380103848474551,0.180645363623583,0.166977026224603,0.162981855463818,0.221702785809338,0.0457464060639196,0.199300906365981,0.159451245177039,0.140222014434277,0.296559338304912,0.025136628127372,0.258244671293189
"Macrophages",1.35525271560688e-20,0.0462828408384479,0.0117720423134922,0.0402331919661637,0.0138970524696895,0.00180954705023528,0,1.5528409226091e-20,0.00200894425716719,0,0.0065416985127999,0.00284684229760433,0,0.0509973571700383,0.0338117871023828,0.0334883342207557,0.0426604743722025,0.0609911900610503,0.0370833447214435,0.0210684959243469,0.0381139801416641,0.0362845234274234,0.0126563849547311,0.017797772525397,0,0.039945149787093,0.0280657952276144,1.88403972025428e-18,0,0,0,0.0154355890331883,0.00867547197609792,0.0502759556146179,1.37120479367015e-17,0.0208442771612353,0,9.05196895488023e-19,1.71141506050171e-18,4.67487350187995e-18,0.0120946674202082,7.9649264401712e-19,5.77156646987208e-19,3.11313608288526e-18,0,0,0,1.1340984258243e-17,1.17770169035015e-18,0,1.0392201842885e-18,0,0.00633888424921073,0.0230735617144622,0.0924278298363583,6.26025119237648e-19,0.114010879975394,0.0444154280292357,0.00807951371880585,0,0.0259549164914534,2.26114955553509e-18,0,0.0353921535880755,0.00191519657632987,5.59708966121121e-19,0.0186768952658779,0.0442501911148895,0,0,0,0.0654193188732584,0,0.0197777638495882,0.025464874311382,0.000870551133372673,7.49019101146723e-18,0.00126682577850003,0,0.0286488962383103,1.06068228475396e-18,0,4.4756346681281e-18,6.15119772758323e-19,0,0.0160077507726855,0.0327034679633106,0,0.0425178366479168,1.29382777783779e-18,0.0780180498294066,1.56152673750244e-18,0,0,0.024869932082629,1.02881913950098e-17
"Macrophages M1",1.7473923271678e-18,0.0341629813421267,0.0029117640932567,0.0252093579477793,0.0290701804968369,0.00343846174771167,0,1.14068505321527e-19,0.0112910396474038,0.00603165695613609,0.0199718547107264,0.00258646081003559,0.00388795693905571,0.0711973882300952,0.0207294833795413,0.0329903533808298,0.0395903229846886,0.0765896157176598,0.0125932798638793,0.0148710591790561,0.0445722022740137,0.0247758598093815,0.0112959505952274,0.022678730167434,0,0.0324434937489414,0.0243868161743055,0.00454576328146647,8.30324495787355e-19,0.000985652759537393,0.0148340257854228,0.0363474505679902,0.0042078503400739,0.0383951228919043,0.00427710636283104,0.0358567605326115,0,0.00463790453979449,0.00404618839886005,0,0.0363337274337925,0.00643375625288086,0.00824904119557368,1.89637666892835e-20,0.000767376982750166,1.75334752574846e-18,4.58195292109977e-19,0,3.30275006291981e-18,0.00704795175884955,0.00605190839337681,0.0195432296276435,0.00941943824320809,0.045884240489007,0.0873886681884918,0.00682336303184386,0.114032896504633,0.0298211864846639,0.0166792403180823,0.00481782984429004,0.0386804830823056,0.023604364265544,0.0210019267695742,0.0533300415993792,0.0143935092887898,0.00903160957942176,0.0504978563475741,0.0563588173094381,0.0114823447545302,0.00161454439658492,0.0101976826833708,0.0561355656537637,0.0147460215737766,0.0467517282254888,0.0342226695850761,0.0192153919985182,0.0118412539360253,0.0113816012871697,0,0.0434393444683936,0.00726140251767628,0.013801200023413,0.00189225369017331,0.0233176395265532,0.0240376747304834,0.0336676177643449,0.0386164025765399,0.00687450945938997,0.0419683262983258,0,0.053062467108045,0,0.0146007888303674,0.0167916206558364,0.0342796196483285,3.37025165896171e-20
"Macrophages M2",0,0.0142029915707371,0.00172316114626075,0.00454900961085119,0.00299998614064559,0,7.1056521573511e-20,0,1.1100995903373e-19,1.47015544902123e-18,0.00369764400154524,0.00109392818830321,7.64885225667338e-19,0.000476337808531768,0.00287118813705063,0.00500691707581214,0.00504432803190655,0.0169210632888643,0.0296351894728209,0.00453282505535907,0.00824338301223951,0.01075794086321,2.39591094011088e-18,0.0107704118067057,0,0.0257678294210188,0.00620323448715767,0.0161815057864676,0.000936686413444899,0.0059564127348794,0.0180568210353788,0.0385941205178786,0.0164425695050475,0.0843897576394064,1.60601131590687e-19,0.0372315084777634,0,0,0,3.04345907447698e-20,0.00535000574172894,0,0,0,0,5.48891493520046e-19,1.33970784234043e-19,0,2.23024326405622e-18,0.0109846297177849,0,0.0250229539190627,0.00760725419431795,0,0,1.74340786246948e-18,0.0108380220413394,0.0114303844936175,0.00121501571525758,0,2.39278518600613e-20,0,0.0116930169698998,2.75309733066412e-18,0.000195375203959698,0.00486069847305888,0,0.0126840647907901,0,0,0,0.0318626130262467,0.00393169584299519,0.00415143017561341,0.00963640951920833,0.00129551148241607,2.21710167071973e-19,0.0180548237522103,1.42744328222531e-18,0.0328984692351518,0.00858022630755207,1.35758183057351e-19,0,0.00424776188374598,0.00116106695509673,0.0298437400740112,0.0175995893750161,1.24674587520774e-18,0.0382523882422692,0,0.0717038256944799,0,1.14185749487448e-19,0.0192302807485079,0.0115316659680322,9.10733927590866e-19
"Mast cells",0.00824122325556292,0.00790125103747659,0.00394223929914268,0.0036514242425729,0.00508878716055084,0.00356185683874257,0.00703371640171084,0.00988521093465914,0.0146549129334382,0.00181308562678727,0.0100043634682267,0.0120091956253549,0.00652939004288095,0.0149564942456736,0.0124582341048124,0.0130095401513244,0.0148559904464826,3.37419546823557e-21,0.0128367139876934,0.0118810971835501,0.0120157379856595,0,2.23626661714917e-19,2.12567952322882e-21,2.92936912953455e-19,0,0,0,1.12698709235458e-18,2.40834810318873e-18,4.48117804391592e-19,5.80119403194572e-19,0.0121198670548872,0,1.14984929761362e-18,1.05825987631997e-19,0.00262338378560723,0,0.0024175802506733,0.00529659574001303,0,0.00404488559866155,0.000488042062309869,0.00304362205142258,7.20450573334214e-20,0.00418745925489035,4.51469144520131e-18,0,3.29711100296722e-18,0,0.00131852960860112,0,0,0.0019558168765906,6.08822584666563e-19,0.00184680496596469,0.0013086143191801,0.000331825361687116,2.67685904978941e-20,0,0.00762304736528891,2.60633951901596e-20,0.00589881564727518,0.0032447881740552,0.00149457020834251,1.52503401386535e-18,0.00162257539830652,0.000393112653142202,1.41544390131715e-19,0.000146903835745575,0.000473811987904244,0,3.43978815827026e-19,0.00115874450068403,0.00104615200225703,9.26420584773576e-19,0,0,1.09577535448207e-20,4.05255485428269e-19,0,0,1.31414712339874e-18,2.90508004362458e-18,0,7.20463642580539e-20,9.32197695104236e-19,0,0,0.00115685642239712,2.7943911631798e-19,0,1.61945996910412e-18,6.99324216351548e-19,0,5.3303062727784e-18
"Megakaryocytes",0.00240078501324818,5.42543684483481e-20,0,2.96315137626304e-05,0.00580859158816323,5.31290001269851e-20,1.74188218406984e-19,0,2.1196655809554e-19,0.00135021280142379,4.24360031506972e-19,0,3.72140683449447e-19,0,0,0.000365701114438224,0.000123864328041784,0.00391791170258952,0,2.00357427990088e-05,0,0.000549831521252233,0.00709522166065819,0.000926122994524295,0.00104444264220832,0.00431675798589051,0.00280666099844208,0.0520919618119944,0.043899596670699,0.0215443682400436,0.0404710054302597,0.0309496728334114,2.35460938834368e-21,0.0504844285544248,0.0161172784489839,0.0226557874340877,0.0166641197959962,0.00692483901661632,0.00748342482007069,0.009346829687262,0.010340268919431,0.00586107644752971,0.0166063199820939,0.0113349938187651,0.0127228173781089,0.0100612421021437,0.0118522002912313,0.0395339430615966,0.0168610251781852,0.0331903504211009,0.00870639985230894,0.0370751829356237,0.00151895016287355,0,0.00127377715653214,1.68002201207335e-19,1.69780014344627e-19,1.0439595456977e-19,0,0.00258522741040585,0,0.00221725318809686,0.000408322342928411,0.0013204070843682,0.00327971718124032,0,0,0.00246848237546201,0,0.00321091017813141,4.89246518931301e-20,0.00142722162970235,0.00663830321827599,2.57896720691978e-19,0.00146676035274851,0.00437784819811599,0.0126140281903547,0.0151578862615308,0.0203703709532372,0.0162262475401243,0.0244211654603488,0.018524693040969,0.00942815171973584,0.0177609858677318,0.00426333747328662,0.00890898813998635,0.0179400402569185,0.00972480846774726,0.0144492837601917,0.00543007822228608,0.0132834392505668,0.0183092068699265,0.0120780034337389,0.0403834904562828,0.0023939591374683,0.0200057153808219
"Melanocytes",0.0015073204435824,0.00249733639364193,0.00252730443136464,0.00239609907923001,0.00161818921894473,0,0.00249554897954103,0.00480905346546258,0.00427949575355045,0.00233005782961008,0.00904128719586591,0.00185769337628248,0.00119389902950471,0.00315994570004408,0.00515895130676019,0.0032320574727503,0.0036645168546709,0.00714783055592613,0.00278846526934969,0.00484263632803712,0,0.00592563995120745,0.000675976103873101,0.00439296227687907,0,0.00372565933157178,0.00344703910225939,1.1858537959902e-18,0,0.0020926057103128,0.00024444176925709,9.36871053595981e-20,0.00753500639139032,6.02036512414542e-18,0,5.00803495674384e-19,0.00902451385139061,0,0.0156191584940949,0,0.00247004859059369,0.00233284776436822,0,2.18095587205691e-18,0,2.68463610866006e-18,0,0,0,1.71886668331706e-18,2.23699643004769e-18,5.70591050746283e-18,0.000615767504180799,0.00202844005980718,0.00124833173625533,0.00412385823086197,0.00301757678444943,0.00145412459652314,0,0.00191876727793308,0.00399362187968657,0.00383350465963192,0.00116211531715222,0.0112851394630498,0.00399523530055553,0.00268400656993796,0.0136912239499824,0.000655284893093945,0.0011769521654535,0.00405149048134566,0.000238459008147263,0.00418489883464535,1.57495411693162e-19,0.00207191801124819,0.0034726244758019,0.00404136041941128,0.00685717626133258,0,0.00259565926845726,0.0027500443883918,0.00102016915930089,0.00545057115922325,0.00396509968839793,0.00379549773749516,0.00455844507269506,0.00466163164846709,0.00447337716662427,0.00790159379154128,0.00342061348895547,0.00678726687959462,0.000575200171923306,0.00375843253409992,0.00619325948208378,0.00418738876108171,0.00424393957954507,0.00261192019559858
"Memory B-cells",4.54723679071269e-18,0.050291812842081,1.5603897989942e-18,1.57979645658617e-20,0.00929166537003889,0.00929119301675508,2.58698889908817e-18,0,0.00503680006738105,1.31715355790693e-19,0.0237013581073226,0,2.07140060907718e-18,0.0754205495411525,1.94095113794972e-18,0,9.05974903081074e-05,0.168227201201195,0,0,0.256592015999669,0.0059523006563826,0,0,0,0,6.45582133392852e-18,0,0,0,0,1.86222490114275e-17,2.74918250991432e-18,2.11287219691077e-19,0,0,0,1.36097759502119e-17,6.50477072110533e-18,0,0,0,0,1.81584900836291e-17,2.9487064059061e-17,1.35982463075335e-17,0,0,0,0,0,1.74362663003513e-17,0.00533310704290794,0,0.0299936968704918,0.0130035601138416,0.0368777457536019,1.19779128713728e-18,0.000521800530735559,1.2651053119962e-17,0.0329109056416237,0.00686835935021843,0,0.0256719100034775,0,2.79278707696057e-18,0.0437034301975267,2.82867121083178e-18,0.00154855018591362,0,0,1.42327700347139e-17,0,0.00150569254289817,0,0,4.29592855472015e-17,0,0,0,0,0,0,0,1.49326782132704e-19,0,0,0,0,1.57805200579978e-19,0,0,2.13467842448419e-17,0,0,2.92255283162569e-17
"MEP",0.0729217667492776,0.014315454463797,0.0313619663922922,0.057811343502363,0.0536830135093274,0.0147428829844554,0.0254018856091729,1.45534246866863e-17,0.0919161328876643,0.0189198428284701,0.0111509944789794,0.0139580871185777,0.0655712698917108,0.0331799406370079,0.00947189089904205,0,0,0.00658898767133064,0.0177021715465062,0.0338816398591684,0,0,0.0581825051469658,0.00411705088302205,0.0448277546205636,0.0251375136981075,0.0111821670959964,0.00710285539633382,0,0.00811178755841452,0.00667431235365541,0.00097546386753425,0,0,6.75578703227319e-20,0.0114207682238884,0.0221997088250144,0.0337605523643527,1.9480519127529e-19,0.00685367200686753,0.0108075125542287,0.0135766306885795,0.00888249282592523,0.00716645047675861,0.0216756701304946,0.016927710900374,0.00990351010619366,0,0.00502631964720676,0.00678641740135721,0.0124734737271064,0.00658418254956435,0.0462417365375236,0.0860296464353871,0.0593837500890057,0.0655360145871051,0.0810120221168834,0.00740742450721387,0.0898101586952896,0.0289658275809622,0.0708209993448749,0.0608899466963979,0.0494051737707866,0.0768932695302455,0.060426006811371,0.0969087972045908,0.0494426018735859,0.0419948731929959,0.049207166304564,0.029978168286233,0.00225308002218237,0.0734775959492802,0.0219863159694029,0.0579676316677575,0.0621346673193576,0.0710024002873472,0.0217806377802991,0.0139487603800949,0.047894417202304,0.0225670184026948,0.0559796442748301,0.0412286095417602,0.0275121096394549,0.0483248101630615,0.0692605276390683,0.0408637748490632,0.0305540202290937,0.0408355808485268,0.0363549064960747,0.0489837134629693,0.0156925698663006,0.0257874174670287,0.0329703923917245,0.0421605128564061,0.0804592882586196,0.0342739889047117
"Mesangial cells",1.82408845431626e-17,0,0,3.50872903553718e-18,1.48927033854424e-18,0.00994392028414231,5.10969031671291e-18,0,0,0.0287549522497907,4.21772281386685e-18,3.96993497622015e-18,1.05753103229304e-18,0.0183982534606095,0,0,0.0181938354418972,0.00407035886323001,1.82901817148293e-18,4.05950061810851e-18,0.00409618527582008,0,5.25237626383665e-18,0,0.0209593996487126,1.56431359358745e-18,2.27464103416868e-18,0.0390808093869049,0.0529149277825736,0.0211478194809086,0.0517738940713141,0.0360635922408398,2.93357791535377e-19,0.0103575550480045,0.0305236821829747,0.0087520865521511,0.0198951247831495,0.00920642106345006,0.0376012548615222,0.00440868715497876,0.0598935489552752,0.00939237191055442,0.0477318940728618,0.0273812686169064,0.00898789708991071,0.00994395921429613,0.0232916958644253,0.0462380045847312,0.034605026933684,0.0642349805506084,0.0156532195635278,0.0182768640370358,3.1201283712647e-18,4.87940740666593e-19,0.00428315615036802,1.90544894481202e-17,0,0,1.22979950571794e-18,0.000629993569324247,0,0.00598850326758287,0,0,0.0155625040947,0,0.0130256799557,6.76934638029128e-19,0,4.22889610397879e-18,0,1.2635809341357e-20,0.0562086129892715,1.3091571480592e-19,0,5.3322558751315e-20,0.0437585923872,0.00334980154586015,0.039356562923289,0.0178142193858791,0.0500931358594708,0,0.0376711987754448,0.0471015573486078,0.0214914447457045,0.0275808480252257,0.0245199118434378,0.0443590140491794,0.0113107751342331,0.012775301808339,0.0455623945529739,0.0493720073271856,0.0427837663440609,0.0350076385245083,0.00182660191850037,0.0643473364191798
"Monocytes",2.01910261554445e-18,3.14990390665849e-18,2.38096183711519e-18,8.4627612986103e-19,0.000498644511919147,2.08078519302723e-18,0,1.60859329097686e-17,0,0,1.81723005612658e-17,3.0268100504018e-17,0,0.00815489513487085,9.29881531321692e-18,0.00333684358599053,0.00146632772617144,0,0,0,0.0140092712524772,4.16830519373257e-19,1.69563751596632e-18,0,1.49069495800641e-18,6.13986982035053e-18,0,4.77816667292324e-18,1.45616728324838e-17,0,0,0.0958000376059923,0,0.0483717613705181,1.23858024144591e-17,0,1.14417856514382e-17,0,0,0,2.86587757315202e-18,3.2707804623456e-19,4.23737207095528e-18,1.61652600003794e-17,3.21597027033253e-17,0,4.63672531413864e-17,0,0,4.01744570532252e-17,1.04853152632387e-17,0,4.97167404818959e-19,0,4.95125345960291e-21,0,0.00834946520927433,6.14837615306088e-19,0,6.36749676027382e-18,0,3.61709956850151e-18,7.45289663181505e-19,0.00335489133660149,0,1.47667162733036e-17,0,2.6093167310079e-19,1.47833595877459e-17,1.41029788550035e-17,7.00314358936157e-18,7.10578951748174e-18,0,3.92182673802354e-18,2.28557231591296e-18,6.14812678743964e-19,5.11180888964699e-17,0,0,0,4.9051434373186e-18,0,1.05282533070425e-18,1.98879479284183e-18,3.09395609984032e-18,2.55042707094069e-17,0.0415816464751928,7.95758750704187e-18,1.4779253318005e-17,0,0.0406408027806066,7.81380225908687e-18,0,0,0,0
"MPP",1.52702283332211e-18,2.791175361189e-18,1.66856285247787e-17,1.84880466014495e-17,0,0,8.04843870396244e-19,1.95945919059475e-17,1.7605177890355e-18,1.43475388581364e-17,1.19516168864666e-17,2.36808498825743e-17,6.56677740382092e-18,0,3.21326435929664e-17,3.50699337881109e-18,7.8573147100838e-18,0,8.56265938636025e-18,0,1.41461283126165e-17,0,1.50991309983257e-19,0,0,0,0,1.13207845509311e-18,0,7.79156699758416e-19,9.07521217027493e-19,2.31200253472471e-17,2.35485182910504e-19,0,0,0,5.93753444346116e-19,0,2.4383309238735e-19,0,3.10946505815455e-19,0,0,0,0,0,0,0,0,0,0,0,5.82335659276993e-18,1.58956419604966e-19,3.5976952275574e-19,5.60410297076592e-17,2.03187829697754e-17,0,1.24719464279498e-17,0,0.00569457480476624,0,1.41147114913463e-18,0,7.49453917270141e-18,1.61730172385215e-17,3.12728057351072e-18,0,1.39614338151872e-17,2.58198069951918e-17,0,5.74664231840099e-18,0,0,1.4707618718618e-17,1.05262405751161e-18,4.71039382351774e-19,6.03661903194689e-18,1.06955257368595e-18,0,8.92979813867863e-19,0,0,3.83929316371137e-19,2.60871775558478e-17,0,0,0,0,1.28034532417333e-19,4.17072982379526e-18,5.03511868789612e-19,2.46962586688407e-19,1.78120626366011e-18,1.15303874083706e-17,5.58248874231595e-19
"MSC",0.1656922390675,0.230302351065416,0.0706224926341846,0.216005003282766,0.287967571004035,8.87055302715716e-18,0.402422180347782,0.37587632835004,0.148427599363385,0.0101736615343851,0.106744139413808,0.287195001996219,0.348230776630403,0.108464946748804,0.0142145360074267,0.126632395065133,0.0349671875162754,1.23184230850496e-17,0.213259613334513,0.400039934793925,0,0.250967391168775,0.209072837998095,0.277360612601753,0,0.200604175357684,0.2171169110288,0,0,0.0163878139390105,0,2.72097399470989e-17,0.15273220571882,0,1.78151758992575e-17,0,0.0306486260608177,0,0.0679355463875903,0,0.0159192047406885,1.69034620808193e-19,7.17693782548957e-19,0,7.10518180781565e-18,3.36587585565584e-17,0,1.40052997550523e-18,2.66144767675079e-19,2.53748492695595e-17,0,0,0.1047427281658,0.478175581120792,0.233554383295066,0.519220766800921,0.594401663675752,0.647332849292571,0.349214973414815,0.555748163999386,0.265001615808945,0.316493583644851,0.462793032441117,0.104227648384681,0.124220532021359,0.519151433353008,0.143071103118505,0.660192534110848,0.436077520189863,0.479713425422046,0.544637376306184,0.2109332083146,0,0.189433672041992,0.189929989986286,0.14802207288136,0.0197247258449577,1.65482362371928e-18,0.0874060458038198,0.0417063831984116,0.0209249273077756,0.0975060369771096,0.00831307541523398,0.0262317026367445,0.0469116344701963,0.0741499550301097,0.150188475736007,0.192158350787728,0.0383560199645051,0.292548941060405,1.1296176882967e-17,2.30375132345712e-18,0.0430066882773273,0.165573903783676,0.202682046501278,0.0293010114453988
"mv Endothelial cells",0.000395101405775296,0.0305615565272784,0.0272728314349025,0.00802292571670263,0.0314631039688833,0.0117697190785779,0,0,0.0198506236255056,0.0638884309856819,0.0135665694696228,0,0.0185068085958019,0.0327970796512686,0.0167785845347449,0.022729813429507,0.00832123558650675,0.0185591958197971,0,0.0413860367998943,0.0511864206712751,0.021018320904516,0.0109350315930229,0.0601113936543933,8.9383639575475e-19,0.0837514752436943,0.0501131786148112,0.280002462710411,0.206689162881522,0.217842244237587,0.249742254577571,0.227170162495759,0.0223992648341362,0.211020761730303,0.154233465848307,0.233735344149344,0.113528298608802,0.0732623790441652,0.0589805259871411,0.0352293749636782,0.199943558962002,0.0514691790286368,0.14742412175176,0.0665459518409509,0.0881021589115522,0.0600409078674145,0.0884433866457229,0.228883301370581,0.223145606896002,0.249697804776449,0.0954399325961783,0.204310367470243,0.0412569658256941,0.0367373840553287,0.0471515951268616,0.0567456079508122,0.0950311779506523,0.0442411926941017,0.088934908009128,0.148726167693373,0.0420324094851967,0.0435058015774213,0.136983711849872,0.0287223790112923,0.13226850966024,0.0955607931404781,0.0450264001091759,0.0727918180534803,0.0859624029295892,0.155734617897812,0.0376848292172333,0.0775022804283524,0.178535694162035,0.0602859307383386,0.0936985806334026,0.148675824265918,0.218706681732278,0.169467180057649,0.204505717475487,0.265740093487521,0.30973717352267,0.264959428785415,0.220284349050661,0.262619374407969,0.0978892029421407,0.2279371541656,0.223140501395454,0.198243665916607,0.270143988176704,0.0899071438752403,0.264320407599397,0.198581998849652,0.182208607611778,0.296336730726951,0.107871517780326,0.273176543741783
"Myocytes",0.00789860222018508,0,0,0,0,0.00233323397737686,0.0017252624120086,0.00207066541245453,1.31012153076685e-18,0,8.8401867340349e-19,0,0,2.58365500493567e-19,3.7767383613132e-19,0.00257089057286757,0.00126766385556818,0,4.88374304594077e-19,0.000751294456444543,3.49981326946975e-18,0,0.003615231237624,1.12473071465768e-21,0,0,0,2.37634789159426e-19,2.52096542523785e-19,0,0.00759799262665499,0.00903014880506262,0.00396406988681165,0,0.000612516157824481,2.61856878475724e-19,9.96724301180635e-20,0.00494410073038616,3.01059437805103e-19,2.58588974147754e-19,6.60793679569337e-19,0,4.34667478746772e-19,0,0.000182698616410186,0.00131919357657658,0,0.00791414456354164,0,0,4.71189307132062e-20,0.00608055870521186,0,1.17927758659446e-19,0.00313291863758352,0.000321011575035224,0,1.98177521671501e-18,5.64461274638009e-18,9.05690611378257e-18,0,8.36098608883613e-19,0.105965384999811,0.0158885417114414,0,3.89954553265319e-18,0,0,0,1.98329375184981e-18,2.78349044239797e-18,0,0,0,0,1.22365203871237e-19,1.75168791532138e-18,0.00809113928970745,0.0253309500682588,0.00153611697089292,0.00257994629635916,0.00180687136105722,0.00504149933751251,0,0,0.018997157794728,0.0185618779272165,1.8513316743338e-19,0.00977815558449814,8.53418325608649e-20,0.00376342081678687,0,0,0,0,0
"naive B-cells",0.000543220253262502,0.0208359530510851,0,0.00279295342126246,0.00993720579516855,0.022453108936508,0,0,0.009773958657817,0.0106301314515145,0.0274818028559051,0,0,0.0332548388160101,0.000203895726043386,0.0137534813657703,0.0179896947294895,0.0879692372432289,0.00620575948024633,3.55846111527248e-18,0.135901242984486,0.00938927863460874,0,2.65440257670441e-18,0.00110349800195344,5.06288949870223e-18,1.50576101272497e-18,0,1.59355072197802e-17,0,1.24601359918282e-17,2.0271299612697e-17,0,0,5.87532115655024e-18,7.32929137532334e-18,1.15595541845073e-18,0,0.000722895772549267,0,9.18372298790815e-18,0.0071256475356851,8.18970379148363e-18,0,3.47196019787244e-18,0,2.53038196710969e-17,0,0,0,0,1.32762227208706e-18,0.00569211868224255,0,0.00282034385120799,0.00504404465297382,0.00116194257810855,6.68962637403378e-20,0.000283386055487535,4.72900487953461e-19,0,0.00642929374819257,2.97703400035466e-18,0.00987336972075818,0,3.99243407706621e-18,0.00566740300702046,0,9.08077565530014e-21,0,0,0,1.59389481749044e-18,2.02731700408989e-19,0,1.3658706273767e-17,0,9.97268615756447e-18,9.35991690982455e-18,0,9.94912959386261e-19,7.91446579328614e-18,1.95272614697742e-17,0,0,5.3046567658424e-17,0,0,9.60129960145831e-19,2.38100587714804e-20,0,1.00154721158642e-17,1.96550141001161e-18,0,0,4.71003385427082e-18
"Neurons",0.00151354277307048,0.000701989463558024,0.00134165222944725,0.000318867119407884,0,0.00319736215338842,0.00154543248888602,0.00141433143248224,0.000906705051641388,0.0027776192575736,0.000375611300088133,0.00324328850049112,0.00200476217578936,0.00140696117705168,0.00369324976981424,0.0022059837704478,0.00311709236065123,0,0.00143395697691376,0.000470504518856592,0.000899897931111996,0.00248374747141946,0.00111823684349071,0.00135341467657944,0.0835375700613841,0.00166482426402776,0.00146131369786031,0.00794311830060252,0.00352418214545254,0.00393840725102705,0.00342861067028714,0.00239259779682124,0.00312745097985403,0.00320949692871148,0.00192429906266789,0.00253505997255356,0.00221557502822854,0.00036170793278294,0.000955666520180063,0.00190284557291163,0.00386965213465939,0.00274068391686921,0.00241003280346384,0.00526439468583439,0.0031636388328996,0.00189366452885024,0.00307441623629432,0.00392159010534341,0.00471659249814967,0.0280053436922838,0.00164275688233078,0.00579367744369847,0.00232904382883329,0.000571297050259508,0,0.000790111375286792,5.93446599244541e-05,0.00255570402398457,0.0163963326041668,0.000125832123732827,0.000100682627483626,0.000690535504623159,0.00320273205360069,0,0,0.000377204149129126,0.00212616211226294,0.000294613330932518,2.50565776491259e-20,0.00100695609030855,0.000327441134018603,0.00091455419776555,0.000856112238304198,0,0.00034726365302754,4.09765750269229e-06,0.000543512434988914,0.0011205449384006,0.00450879435444185,0.000821289110468252,0.00473046977763882,0.000804163931827465,0.0010897976397941,0.00127188672807879,0.00064948436251678,0.000801362861650456,0.0015810796737133,0.00136449360946601,0.000983962524969761,0.00135399891827454,0.000184163032606354,0.000670668346934144,0.00119624172737306,0.0040311408018284,3.87357636923569e-05,0.00115551060990891
"Neutrophils",0,1.23080598151855e-18,3.16062021702611e-19,0,0,7.24782872496618e-19,1.6311797181715e-18,2.62377858242104e-19,3.96170563687252e-19,1.11658770750015e-18,0,0,0,0,0,6.88111243798208e-19,5.39444516578587e-19,1.34561992783375e-18,2.68492889068976e-18,1.46764442013089e-19,1.00293937282403e-19,6.19104258683051e-18,1.99057667962586e-19,1.61377941809851e-19,3.77627925826564e-20,0,0,0,0,1.90039754410621e-18,2.21384577039665e-18,0.06498676943702,1.18908690861376e-20,0.00632661422446033,0,0.00254988627710984,2.81158789331394e-19,0,1.78132648326624e-18,0.00196998220565772,0,0,0.0032842842894896,0,2.08639080225149e-19,0.000982737743845967,3.7132569331866e-18,8.85263295973843e-18,0,0,0,4.75531205208093e-20,0,0,6.81865626445863e-19,0,0,4.55674888118007e-19,0,0,0,0,5.80248673369608e-19,1.41847050501264e-18,6.39708667546597e-19,0,2.92878955150394e-19,3.41049302696323e-21,0,0,0,2.09775733158263e-19,0,5.81297497751274e-19,2.03679711258772e-19,0,0.00089553742705709,1.51942641564403e-20,0,5.87303792636521e-22,2.61234111223009e-18,5.14185790733997e-19,1.17010046057655e-18,4.06548931088423e-18,0,2.73905322832771e-18,0.00126419825248924,0,1.78076619330191e-19,0,0.0360915754169428,0,8.74819829776558e-20,0.00249276768955765,9.9982781602761e-22,7.62546104340268e-19
"NK cells",1.37238120047108e-18,4.50239008365278e-17,0,0,0,5.5540573688596e-18,0,8.38541025680307e-18,1.39609242527469e-17,1.27501670287213e-18,2.96137296532768e-17,4.44206943639427e-17,3.2263250987778e-18,0.00672196381994684,8.05978921027969e-18,1.45391660623627e-19,1.21066397094857e-17,2.48642268849567e-18,0,9.22268997667107e-18,6.7021588698447e-18,0,3.0060889615324e-18,0,6.56022437987184e-18,0,0,1.98995005855174e-17,0,4.31918900514446e-18,0,0,0,0,0,5.82111855202279e-18,0,2.31171454051402e-18,6.23599810869281e-18,0,7.79455843298992e-18,6.39606913457043e-18,5.64948196959589e-18,0,0,0,0,0,9.22664753694966e-18,0,1.95851783443274e-17,2.43908306877004e-17,1.71610920206502e-17,1.98741145023735e-18,0,5.80147064509361e-18,3.85392510744778e-18,2.35858064724795e-17,0,9.01479845735217e-18,0,0,1.19336035157961e-18,0,0,0,0.00192775636035037,0,1.22545100691945e-17,3.64073825097801e-17,0,0,0,2.55587766030395e-17,0,1.87594787004478e-17,0,0,1.48620412302755e-17,1.91795904233111e-17,9.73427148151192e-18,2.69191479746704e-17,1.56065718143523e-18,6.23792452932481e-19,0,0,0,1.26671268597111e-17,3.87175044178067e-17,2.58628479807744e-18,1.77665805806185e-17,0,0,2.79307378675142e-17,0,1.27552710091454e-17
"NKT",0.0198528532440713,0.0762712615764992,0.070547530170382,0.0316300992271653,0.113971579931014,0.0921917711407363,4.08767094691642e-19,0.0401530518159053,0.0485312129345554,0.127533897537039,0.0761968378562399,2.32781483970334e-18,0.153239875530137,0.148878387792761,0.0494339320142501,0.0632434580884265,0.0304841357726221,2.86973058755939e-19,0.0729069016537834,0.0395515271486614,0.00411545617878027,0.00867422295117812,0,0.0883357570739276,0,0.0295086629674007,0.120014860024673,0.00565960737469975,2.24815451086122e-18,0.0258862735038521,0.103266397171108,0.130395349318064,0.0784070613633614,0.0599701328690139,0,0.117872255731266,0.0463803319593198,5.90898105703659e-19,0.0228212758210354,0.0280999482586305,0.0891062505064167,0.0129535294371924,0.0219286116923201,0.00070449770342028,0,0.011421588135298,0,0.00955151487925005,0,0.00957370230994347,0,0.0041441043191953,0.128076248292168,0.0931418830370834,0.096913222467502,0.120882751167922,0.0675895917228901,0.100570238496311,0.120169402861689,0.112790458345546,0.110825764356592,0.0620605259919926,0.120289918819228,0.0265714902642819,0.0937103411616882,0.128712443769158,0.0593041375601892,0.138265944192937,0.194486378917552,0.0530636430135915,0.118047034241622,0.0363489780554325,0.109133401644009,0.135679073233798,0.0560518024493061,0.0310731589494625,0.0870212072439877,0.0393763847029563,0.148369851937096,0.0417682307541784,0.167271896447721,0.0778960466363645,0.0256595063531523,0.0812454251543555,0.105341292979049,0.137615753520807,0.136461348075042,0.0348644475216022,0.0616282035473736,0.0472518870040976,0.206829125927964,0.0773493732793403,0.0485070590425472,0.0951469035996574,0.0620404492483182,0.14075745662633
"Osteoblast",0.0125765080410821,0,0.0719045071237142,0.0378100364532684,0,0.00293605644221488,5.48126330353607e-18,1.92165606186643e-17,0,0,0,1.78830747219059e-17,0,2.77111912254086e-18,0.0314943506727568,0.00298323461429748,7.52775988364562e-18,1.24674070100427e-17,0,0,0,1.32214359148062e-17,0.00224847688856429,1.36483355727187e-18,0.0552322507677582,6.25075543822213e-18,0,0,0,0,0,0.00725252769452091,3.46538496133483e-17,2.48583273162855e-17,1.43190294523139e-17,0,0,5.10645905828674e-19,2.35360321009095e-18,2.53787826411778e-17,1.34461411856221e-17,4.99666948759033e-18,5.15465277157252e-18,1.31943005729063e-18,2.6746815271228e-18,0,2.84498100629689e-17,0,0,0,7.4291132255587e-18,2.68144007013897e-17,0.0199168601276739,0.0299125531727763,0.00872958360338584,0.00737464492715909,1.98229963725957e-17,0.00886313768176203,0.0621380790931383,0,0.0267685286307187,0,0,0.0676845611376514,0.105553986365474,0.0606089509461022,0.0209766285891085,1.24959956772755e-17,0.00185211146529379,0.00689251655030071,1.98932992616933e-18,0.0998488664869811,0.00746975017690004,0.0532483309791346,0.0127251300809883,0.0339923344754027,2.3276037432646e-17,7.72047908034606e-19,0.0238777959413139,0.049014368038286,0,0.074664048129098,0.00858468634809247,1.1390224630308e-17,0.0244641455577507,0.0357831032447644,0.0176350950285185,4.12436518410968e-17,0.0448963430323175,0,0.0241519720250916,0.00790875093917822,5.9421362341777e-19,1.08824327564951e-17,0.0403876863171188,0.0218033573301178
"pDC",0.000259032978513397,0.000663640935662755,2.01127472139882e-19,0.00713843011891129,0.00328931480814108,0.0141923712236811,0,0,0,0.00132701222859014,0.00182845201235014,4.09528005234317e-19,6.44922758952137e-05,0.0761482038774243,0.00191085393685092,0.0139268821568009,6.80925768118358e-19,0.028698359115118,0.00421129021657438,0.0377821127283926,0.0700769007647536,4.89544881252551e-18,7.37609330461155e-20,0,0.00122573874251642,8.34551605522602e-18,2.98901229108925e-18,0,0,0,0,0,3.62334037142051e-18,0,1.90063181863646e-17,0,1.1352254843338e-17,2.64761828993071e-17,3.71395087628253e-18,1.68892856943207e-17,0,7.51372875024622e-19,1.98462666974167e-17,8.43723286151223e-18,6.81690292070717e-18,0,3.03719790272957e-17,2.9429380432217e-17,4.87178671327048e-17,2.79719670713598e-17,6.58672546613985e-18,8.78059689428647e-18,0.00196414565846918,0.00880909472570289,0.0353569795461131,0,0.0173349058181253,0.000106322720288567,0.00412757587429514,0,0.0121862771868726,0.0141770810545921,0,0.0436934261220632,0,5.68978604936657e-18,0.0587644373572441,0,0.000469429509251213,0,4.81252898043583e-20,3.87380334892368e-18,0,0.0287973001948193,0,0,0,0,0,2.4167665628183e-17,0,0,3.71949326660866e-17,0,7.73334908489062e-20,3.89749598501733e-17,0,0,0,0,1.43810663970594e-17,4.81860704483203e-18,0,2.00316016996153e-17,0,7.8082896963726e-18
"Pericytes",1.96561317772432e-18,0,4.62983023333767e-17,0,0,0,4.70248396281311e-17,0,2.42682594866716e-17,0,1.23436459177685e-17,5.53891977466026e-17,0.0466129693502745,0.0421825574814398,5.07540365581378e-17,0,2.53013017672988e-18,1.22815734327702e-18,0,0,0,0.0157900707987616,1.62635544720078e-17,0.103922502395626,0,0.0360462753070035,9.28381395959874e-19,3.300174149172e-17,0,0.0768527962234375,0.0629494754321488,0.0337081786217146,0.0473263764155488,3.50165139322789e-17,0,0.0412378768558042,0.0218266080817477,4.78016174192905e-17,0.0334115201997585,0,0.0414112323386034,2.41399846257412e-18,0,0,0,0,3.27345260065021e-17,0,0,0,0,6.55406613680428e-17,0.0249985159001339,0.0669608895912939,0.0870235796944859,0,0.135557878685162,0.0516124623376909,0.0284758904713609,0.149573100038515,0,0.0753013006614832,0.057092209074696,3.57523837990212e-19,0.0646430981859839,0.0543297644283968,0.0928900284423358,0.172849122956124,0.112922436694037,0.0997528086288115,0.0841646170986992,7.83499603697555e-18,0.0574649685517864,0,0.0307031871294293,0.0380338698135131,0.0652012086918322,0,0,0.0686545182588449,0.0505799809860049,0.039828111671089,3.60349191972587e-19,0.082577056878563,7.5311039442704e-18,0.0663161760739732,0.0132029147989977,0.0537917651806434,0,0.0336528666856114,0.0969406641447687,0,0.0364515922646261,0.112554880660448,0.030233729997746,0.0895604406121656
"Plasma cells",0.00484179642927537,0.0522225437790071,0.0176532408576043,0.025527105929029,0.0296272839934974,0.0287687589253436,0.00670403947419872,0.0107757282343544,0.0767560781248712,0.00575475777873628,0.0261501962523561,0.00260031706042676,0.014202398651122,0.0484905125519083,0.0240304737337993,0.0226544411745918,0.0207215790681757,0.0210677486975572,0.00822179086029064,0.0363453210906914,0,0.0103027069434487,0.0289872193018339,0.00415156413238293,0.0336207420480616,2.97825248957814e-21,0.00786893675309333,0,7.5939079276572e-18,0,0,0,0.00725667846462344,0,0,6.60253650776374e-19,0.00176475504554253,6.86800642696407e-18,0.00313125898964596,2.45490352759152e-20,8.97622279844189e-19,0.00408873509590991,0,8.9680914747481e-20,1.44016288952575e-19,0.0108784627804348,0,1.23159710276461e-17,0,2.07360559217766e-18,0,1.49341459847242e-17,0.00629569979066756,0.0545550507530556,0.040621537978195,0.0142492834380325,0.0926950477984966,0.0229750443873453,0.0165965499492083,0.00763326240395254,0.0526309299965169,0.0194811312202752,0.0228486983007268,0.024798091791115,0.00889125505211725,0.0313717602555017,0.0951812581054825,0.0226864353318802,0.0151058067251783,0.00656081342009393,0.0164272813281975,0.0234014581486721,0.000997812319108552,0.0321832524673327,0.0143822557787684,8.48726759613946e-22,0.0017463379557618,0,3.1976887312299e-18,3.01925187105289e-18,0,9.47799421786325e-19,0,0.00114833308821232,0.00151051699174966,0,0,2.00832709100493e-18,1.95404411100829e-18,0.00638371187855708,0,1.77062797589747e-18,3.70168213131122e-20,0,0.00427237066306399,9.98712153878805e-19
"Platelets",0,7.57256021934562e-18,4.60912159820672e-18,4.20286082525631e-18,0.0179108980028721,0.00376161342446605,4.41392322801776e-18,3.39473298191625e-18,0,0,7.27552232243257e-18,0,3.26953821015186e-19,0,0,1.21291006401262e-18,0.000363847561163957,4.34052089727376e-18,0,4.82212721823698e-18,5.41422079870053e-19,2.97410274270186e-18,3.52418546441747e-20,2.6055625043965e-18,3.37031460399002e-19,0,3.81785395070267e-18,3.52341593400238e-22,6.55951333864434e-18,0,0,3.82643318581002e-18,0,0.00161283321293582,0,4.09059702100169e-18,0,6.1458769726977e-18,0,1.23000245377785e-17,0,3.43624498575377e-18,0,1.20700311792855e-18,0,0,1.87551297833635e-17,0,0,1.37084036615792e-17,0,2.10437981208416e-18,0,0,0,0,1.03559098052585e-18,0,0,8.71783176815266e-18,1.69529068166977e-18,0,1.51718314905917e-18,0,1.4944983009346e-18,3.44698654531183e-18,0,2.1414571870069e-18,8.98976859112491e-18,1.99242480415685e-18,0,0,0,0,3.91081338394917e-18,3.1281042426935e-18,1.42078416447803e-17,0,2.27762362851539e-18,6.67261262048404e-19,2.1478211172695e-18,1.97392165490075e-17,2.86585392118691e-18,0,0,0,0,0,1.25635349839414e-18,4.45538915121222e-20,1.03990403386195e-17,1.090048697145e-17,0,0,1.5714243199776e-18,1.75286516853206e-17
"Preadipocytes",2.58661054956461e-17,0.172765288874196,0.0210128694818227,0,0.135521677222571,0.130979166782546,1.18273990638266e-17,1.80224007668116e-17,0.0952765660205288,0.179035405057666,0.095522492844658,0.00220846008166992,5.97617599944767e-19,0.000828314225933544,0.0491694352404466,0.0982778649162171,0.150729486720573,0.0607502396276108,0.0174767226481541,0,0.162935194713528,0.0215985661119462,0,5.09498065104159e-18,0.101643519683683,0.148834021971474,0.0958031690593169,0.298343805296742,0.187068855659621,0.348008329484568,0.246927788702779,0.252011668502735,0.0881847924429818,0.318438288866745,0.224244609236182,0.295705870611028,0.165211497802243,0.204288357202122,0.143582252331565,0.182594496902975,0.174411055919844,0.115562197709377,0.201566034203376,0.10996763449659,0.171418409291044,0.229317559686041,0.265193378802525,0.317924468786243,0.188741447674461,0.233954738870594,0.174166002867723,0.343097913576028,5.11335567268037e-18,0,0.0402924805133781,0.0195456544290322,0.00193895660177427,0,1.29397955557108e-17,0,0.0860221692750439,0,0.00128423566135495,0,0.0185773976160542,0,1.03403745447961e-18,0,1.4476536740507e-18,0.00421017612170726,0,0.0940082772541655,0.0716882559267465,0,0.0558134722856481,0.0266526956263839,0.229704616767055,0.257365789625364,0.169492716663186,0.204953357055141,0.253140621317782,0.193127863671951,0.139866794949326,0.182910673078639,0.0294864444373202,0.246843817954079,0.242054956734764,0.0999827808065516,0.166923974741348,0.0656494709477707,0.234691038775356,0.0869048989936105,0.13055411116262,0.169957758797612,0.0835332913141376,0.121848239178376
"pro B-cells",0.0479437677522024,0.000654420134330552,0.00661853008057126,0.0108297766191833,0.0259369012226031,3.52330000502951e-18,0,0,0.0203055532209653,8.49454749004159e-18,0,0,0.0230874944857555,0.0335319803263661,0,0,1.28231034087003e-17,0.0260132922039628,0.0167193722126742,1.58571269637303e-18,0.0464283409590339,3.7913437736225e-18,0,2.28401937886904e-17,0.0323388447925289,0,0,0,1.58850776842145e-17,2.19209180604775e-17,1.12379666795842e-17,6.42737982279964e-18,1.85097970271003e-17,0,5.72392666065131e-18,1.44175514641571e-18,0,0,6.72644859591779e-18,0,7.55850166820605e-18,0,0,0,0,0,0,0,0,0,0,0,1.88120220037397e-19,0.0899544516860112,0.0287211297122218,0,0.00669157663116773,0,0.0251673066139309,7.78827894903956e-19,0.048709274780306,0.0533348345288589,4.87042317558512e-20,0.0355977595188856,0,5.94194535920517e-19,0.0230995713248807,0.00882694144523765,0,0,7.99329660813156e-19,6.08230535575934e-17,1.90386124333808e-18,0.0243872686215262,1.07093621434443e-17,2.19888237334542e-17,1.30958715703356e-17,0,1.52911899335042e-19,0,0,3.592774728526e-17,0,0,0.00429124664917011,0,7.66235516136632e-17,1.15636556280444e-17,0,0,9.24157432673494e-17,0,0,0,2.08890177442308e-17,2.35689414594522e-17
"Sebocytes",0.00829613133091961,0.000804443747351555,0.00386573693219941,0.00973970631640436,0,1.06820301136972e-20,0.00328852595499249,0.00503989383909975,0.00146799952634562,0.000386037721054779,0.00456146513349368,0.00900079299352816,0,0,9.75133937701241e-05,0,0.000953254633349629,0.000400500311828497,0.00503821873646586,0.0020024581649541,0,0.00127346096987555,7.05065488949608e-20,0,0.00241328027428804,0,0.00457213187750383,0,1.0529223987169e-18,1.03163824010386e-19,0,0,0.00301647468839004,0,0,0,1.88938628703439e-19,3.32176442791734e-19,0.0006492000058014,0,0,0,0.000272039271458311,0,0.000988720925299632,5.94747330796001e-20,1.31517667837298e-18,7.86445469797395e-19,1.26157915220901e-18,7.85879259974217e-22,0,0,2.45942204052964e-20,0.00289065614742689,0.0018840358450711,0.0104690410374389,0.0010289472773944,0.00635407987958596,1.34593701306297e-19,0.00223413006423124,0,0.00280657559144556,2.80108856821584e-19,0.00455490814440087,0.00324815603816071,0,0.00224889533019269,0.0113150294919003,0.00350808182774705,0,0.00376308093851271,0.00111057247708854,0,9.24450076009767e-05,0,0,0.00128534776715327,0,0,0,3.53273241144747e-19,0,0,0,0,8.03609507263431e-20,0,5.15096601040422e-19,0,0.000371043762804848,1.98228897403163e-19,7.98573028472714e-19,0,0,0,0
"Skeletal muscle",0,0,0,0,0,1.83306651968514e-18,0,0,4.05752607217381e-19,8.56019262155302e-20,0,2.47257153361837e-24,2.93987757468903e-18,0,0,4.19943048429594e-18,2.84611168537382e-19,1.29069495609149e-19,0.00383847776340853,1.40004094526574e-17,0,0.00193788307030654,0,0.00187445267281488,0,0.000553487609934502,2.66963410493271e-19,5.66294044223705e-05,1.57763768389564e-18,0.0177549139296005,0.0104927536893091,0,0.000498460981708698,2.54029320979499e-19,1.26108554546226e-18,4.76861661502985e-19,0.00500483080184223,1.20067840025156e-18,0.00277020107315202,0,0.00577323852518304,0,1.09003644456975e-18,0,6.21032664276594e-19,0,8.25827372203357e-18,1.76407025120162e-18,2.35130850852572e-18,0.000953817221599892,3.52444618859015e-19,4.00389190206724e-18,0,0,0,4.6303938257281e-19,0,0,0,0,0,4.76718153175211e-19,0.0948400191089805,0,0,0,3.40630314378015e-19,1.11722064748247e-18,0,2.84510371658786e-19,1.01436156222084e-18,0,0,6.28057736042498e-19,2.3538706013946e-20,0.000127969687237524,0.00222039764171278,0,0.0218409161182564,0.00947941048072762,0,0.00693304546101236,0.0075380237572913,0.0053048511966601,0,0.00679656359529012,0.0104881874039777,0.00279085156171353,0.000857073963741589,0,2.99750973795935e-20,0,0,0.015205117474868,8.66373483593063e-20,0.00885090964104909
"Smooth muscle",0.471434900741535,0.314333523234322,0.548058538368494,0.606058328966137,0,0.0656755801346773,0.413259997321795,0.455798736316317,0.193469726055873,0.180643252185878,0.195559799486163,0.304484302258866,1.2516227575537e-17,0.0378114231076744,0.408856890753573,0.351475255620155,0.411607512373156,0.374435020895452,0.44501421744636,0.61499500683102,0.178479114025415,0.364070512094328,0.484764714305621,0.259957027410092,0.229786177666345,0.476742482582113,0.413271872058285,0.355856743963788,0.146195566747318,0.271947662311262,0.13753846039548,0.253281270100849,0.262213763910814,0.351218611727793,0.268965758515646,0.277800043215567,0.10146267877526,0.647934553399287,1.83723977715551e-18,0.349651317728611,0.0473427190471753,0.278397714669067,0.17263690722939,0.272866662155344,0.283487681651308,0.341336102580306,0.397886029111082,0.295234362281007,0.281458218400534,0.112705096430799,0.27908655493302,0.357156642082487,0.302721473804901,0.284008846440335,0.119209365091238,0.0549684334641788,0.127789047120101,0.330793067339708,0.29033389981809,0.0173127298691847,0.118364016628742,0,0,0.178823603401174,0.332637668889669,0.296616508744498,0.0700191693013246,0.046385055749003,1.31407888543412e-18,0.0736393163676754,0.0132562965228234,0.545467496126141,0.16387439431107,0.289781724575326,0.446587656632689,0.4895166085386,0.277337256076868,0.397781845857742,0.321341575573711,0.329339722405407,0.172282136426266,0.399030978054967,0.234661222868977,0.191156198639412,0.225844679163438,0.320847997755186,0.207268071286909,0.131658954567895,0.354770851988316,0.112992022670093,0.182940318103983,0.251389875228045,0.155969865769354,0.178877512007873,0.495253253455526,0.205339652220332
"Tgd cells",0,0.0173551582688967,9.79588722428924e-20,0.0204700665967613,1.16784351974234e-18,0,0,0,1.79121178388988e-17,0,3.8625739050177e-19,0,0,0.0211345450526546,0,0.0251110572572482,0.0167463776252928,0.0214277190915624,0,0.00425405697583212,0.0342337784269757,0.00173284394108336,0.010222995358861,2.81235624925606e-18,1.3226238965273e-18,0,5.00994950915357e-18,0,0,0,5.77902172938916e-18,1.86037544927741e-18,0,3.01581640140616e-18,0,1.03211336120482e-17,4.88664133777458e-18,0,0,1.31963283432323e-18,9.92424328687503e-18,5.39389928523454e-18,0,0,4.84198226212302e-18,2.11119247205983e-18,3.7057618143557e-18,4.78026635732737e-18,0,1.24332825488174e-17,0,6.02267113835918e-19,0,1.98115245477636e-17,0.00694755522615639,7.69545291213033e-18,0.00688095355452836,2.48557297665515e-18,1.84615922774875e-17,0,6.01197058274652e-19,8.11624252693013e-18,0,0.00915500675858671,0,1.22512917962159e-17,0,0,2.3771884761574e-17,0,0,0.00539252405481888,1.23176337701883e-18,0.00578853643527717,3.51346958076777e-19,0,0,0,0,0,0,9.38353751539436e-18,0,0,0,9.1386174705132e-18,0,7.99648464977232e-18,0,3.53066471370877e-18,4.70250036516857e-18,0,1.09421124652243e-18,0,1.76112359986688e-18,9.73898442994932e-18
"Th1 cells",0.0900641376841607,0.00527981474840662,0.071721038647712,0.0963856751798414,0.0619995760574219,0.0789638503017627,0.0471010143687725,0,0.0777400153969494,0.0331957563439995,0.0367934157515044,0.018547684031223,0.140293525024825,0.189134636070841,0.0266397568510983,0,0.00625636046650366,0.00238131601939044,0,0.00795671122094043,0,5.24959561312913e-20,0.00554694544387698,0.0270273429212082,0.101897455229486,0.00630270746001415,0.00314514274968548,9.22722532883975e-20,1.15710452117678e-18,0,0,1.10821396276866e-18,6.35694038773727e-18,0,1.10148110485321e-19,0,0.00361821790945515,0.00452411238907751,3.45635492579326e-20,0.00284948912436294,0.00333235768664411,0.00741286637956083,0,0,0,0,5.13238139027373e-18,0,1.70143293601579e-18,0,0,0,0.0796539075407701,0.167551449154936,0.172707085123577,0.090388998398548,0.080647514097645,0.0969657159664152,0.308070119107818,0.0482526770274612,0.136117795279323,0.190579400366888,0.0858296531660198,0.122579401793851,0.202142980963649,0.239309243144937,0.237201148865094,0.0606728839385598,0.171015457913495,0.0428636537196915,0.0474536924268646,0.0352606904678384,0.00503708581174674,0.124910948093213,0.0163265355679487,0.0328648564742564,0.00478837982251069,1.58929930024587e-20,0.0133064142212009,0.0144107952447753,0.0294213348925609,0.0184464865209678,0.0275258986836491,0.0116067468700289,0.0589197932165792,0.00134267289086925,0.00360066212408457,0.0141305489261903,0.0103074377193617,0.0394799005670114,7.39678571409708e-21,0.0104550627369184,0.00661796584645146,0,0.0241660387673782,0.00886771975512967
"Th2 cells",0.357888372610759,0.17127066836214,0.187463195945819,0.141339849417842,0.0898701044023586,1.54073477722776e-18,0.0515754158817489,0.0535624162936525,0.146555629051551,0.0615460988362261,0.0127929972113441,0.0229644408846862,0.084127206005787,0.130331695790476,0.0212141276671851,0.102120361045649,0.0462028806082653,0.183179567915426,0.160010364177544,0.128471056629684,0.0274004436730598,0.0286461414228345,0.188790361525268,0.0778810554936567,0.275910004884987,0.0878746949641604,0.0406564022385855,0.0020695249336583,7.62079273678118e-19,1.93478392936786e-19,0,7.4361397439968e-20,0.0421355230768197,0.00172830758880541,1.33732286613644e-20,0,1.10852585244728e-19,0.0672346382829845,0.000153088145149624,0.0077927552520268,0.00251363396708234,0.0126209804520291,0,0.00635180080903924,0.00565843389990444,0.00750255672340566,0.00101669255613692,3.69172118164974e-19,6.71222871039791e-21,0.0511788943057973,3.70788458204529e-21,0,1.12166893873485e-18,0.162036724421428,0.0754549693941392,0.0107230743693649,0.0317495830098593,0.0385690917897315,3.17787363845815e-19,5.6205791458793e-19,0.0476749268584567,0.068792497019265,0.0263900729361259,0.157242339454223,0,0.0114555730521414,0.187539887515501,0.044420262428913,0.0161022668637072,1.90271184848407e-17,0.00264036772693722,0.0028982901806242,0,0.00756532241052556,0.025505060777263,0,0,0.0321462979671683,0.00152950238870231,2.6022154289357e-19,0,6.29085477308256e-18,0,4.16543941997611e-18,2.02057671435058e-18,0,0.00926114617381789,0,2.05620263937345e-20,0,0,3.63789414673005e-18,0,0,0.00308270332620988,0
"Tregs",0,0.00198932605536358,0,0.0118083841326917,0.0237507427938871,0.0570884166503826,8.77654797554414e-19,0,0.0322726284689509,0.0509145340586563,0.0257076199368564,4.11141595910315e-19,0,0.0863147220254417,1.55628721529503e-19,0.0340569377359234,0.0771092719743137,0.0542326875451716,0,0,0.0968278236250636,0.0164346514343141,0.0114348193682973,2.74107523968318e-18,0,0.00241589541361592,0.00409735103103698,4.72617520339697e-19,8.61947532936744e-18,0,0,0,0.033901887360511,0.00446400521521429,0.00879507865501149,0.00201329814296573,0,1.91357216203931e-17,0.00221520535466013,0,0.0184903078650464,0.0226327013726422,0,1.01971758005242e-18,0,0.0156796328161566,0,0,0,0,3.23302035772946e-19,7.19233262391305e-18,0.0195811280360681,0,0.0196938619764682,0,0.0248439185240018,0,3.51451422388e-17,0,0.025536445449115,1.45668535998643e-18,4.7631130948764e-18,1.58190600417161e-19,1.2680273335673e-18,6.71915088795849e-18,0.00676023562386004,0,0.00767803003106072,4.97199869983079e-19,0.00718382526259665,0,0,4.52666084365465e-19,2.51935260605632e-18,0,0,0,3.5742035530274e-18,0,0,0,0,0,6.51128452106975e-18,0,2.05886917707281e-18,9.22722930132486e-18,0,0,2.16529722045101e-18,0,0,8.07482286236243e-19,0,4.13021863451731e-18
"ImmuneScore",0.00691959617486766,0.139584923461292,0.0104761877417566,0.0352475540818806,0.0599492762781316,0.0792516180372087,0.00468914426780723,0.00659014062310612,0.0419328210700079,0.0267534657641807,0.0718301080155862,0.00990402528197289,0.0216740233391413,0.282966887080204,0.0308466808047968,0.0728043121348615,0.111892867047258,0.425691727220109,0.0395563978483877,0.0219663954052647,0.651355087971711,0.0468999952645134,0.00843758996982072,0.011865181683598,6.90630317234816e-18,0.026630099858062,0.018710530151743,3.36450509185011e-17,1.04591066165589e-17,2.76006922495966e-17,0.000216906681154711,0.117481597384134,0.0154375241758695,0.0792477310822368,3.11096598348033e-17,0.0155961089588968,0.00376821657537896,2.1405093585007e-17,0.0139372099421999,0.00484438529711385,0.00806311161347218,0.00735171106809931,0.00640791239900839,0.00202908136761507,2.66181221758961e-17,0.00718726385756611,5.84561112145575e-17,2.00915542137563e-17,2.09058726209957e-17,5.36745064962619e-17,0.000879019739067438,4.37958715679841e-17,0.0286466488649874,0.0228270967374433,0.17578777198293,0.00979422153871799,0.167695656752583,0.0298315022606152,0.0053863424792039,0.00295455728396412,0.113909604223146,0.033522619838047,0.0130082566891913,0.0726295853029963,0.00447459078471782,0.00681335040408448,0.111330773997912,0.0306118795695987,0.016514791379913,9.79358904970998e-05,0.00721402032094203,0.0436128792488389,0.00803233697917172,0.0351063662753944,0.017674017542426,0.000580367422248465,0.000597024951371436,0.000844550519000024,0.0171238326253796,0.0190992641588735,4.35289899015575e-17,5.15175301610336e-17,0.00101731517277537,2.73188097071296e-17,0.012833130081856,0.0106718338484571,0.0508432143842472,0.0087419016534936,0.0283452244319446,0.00724080894883774,0.107317582061489,0.00196336275975209,0.00697813098543,0.00166184512637179,0.0165799547217527,3.77500492259685e-17
"StromaScore",2.56951335473237e-18,0.0671441617841711,0.00960649343320592,0.0186429064017453,0.0134726562824295,0.0556402196544531,0.0280271417147313,0.073902060792524,0.00437509153486364,0.296714320856376,0.0656734611000678,0.0689865621318655,0.0033145056389687,0.00872127789199115,0.0108673451121737,0.109798816792678,0.12763975741045,0.097920396679914,0.114823925402035,0.0338261554271492,0.228627586224607,0.178798387078374,0.012325609789831,0.12676851900919,8.48979968104568e-18,0.190694020053631,0.11555144913433,0.483819877588617,0.480884230585936,0.594543317356856,0.628514161971963,0.582989858966417,0.186637727002173,0.543469289445693,0.414052458116458,0.593406194037516,0.381720691910011,0.303801602426593,0.19446976775022,0.137168313432683,0.39602358157154,0.107284545378233,0.47139311600139,0.149368928990503,0.202186019514386,0.23562430376363,0.399734662136698,0.531306175099649,0.423206664261329,0.473885061506184,0.21477561855684,0.586517572839785,0.0722367475031253,0.00519077086461085,0.0535976434056084,0.0187223532483243,0.0900050911879611,0.038719783355132,0.0350081044270476,0.1719083258148,0.040597578037464,3.4362170002442e-18,0.115700669154985,0.0706676828188287,0.0902389416546579,0.127418144856833,0.0453143279691663,0.141994880809702,0.087191359848687,0.171930972597033,0.0750789222202165,0.266472907519127,0.452575186498227,0.0413722851321706,0.328012517068044,0.371201112013862,0.530236299558009,0.444258140155873,0.414106292000139,0.60010608613006,0.580961796249855,0.564412491980919,0.455210665961801,0.551225124766619,0.24620820414429,0.624332091584231,0.575318713769253,0.459141619231998,0.552206834623197,0.17178283198251,0.629539111289909,0.449593246189367,0.433309852871652,0.628925389972873,0.375646536345983,0.571819130131442
"MicroenvironmentScore",0.00691959617486766,0.206729085245463,0.0200826811749625,0.0538904604836259,0.0734219325605611,0.134891837691662,0.0327162859825385,0.0804922014156302,0.0463079126048716,0.323467786620557,0.137503569115654,0.0788905874138384,0.02498852897811,0.291688164972195,0.0417140259169706,0.182603128927539,0.239532624457708,0.523612123900023,0.154380323250423,0.0557925508324138,0.879982674196317,0.225698382342887,0.0207631997596517,0.138633700692788,1.53961028533938e-17,0.217324119911693,0.134261979286073,0.483819877588617,0.480884230585936,0.594543317356856,0.628731068653118,0.700471456350551,0.202075251178043,0.622717020527929,0.414052458116458,0.609002302996413,0.38548890848539,0.303801602426593,0.20840697769242,0.142012698729797,0.404086693185012,0.114636256446332,0.477801028400399,0.151398010358118,0.202186019514386,0.242811567621196,0.399734662136698,0.531306175099649,0.423206664261329,0.473885061506184,0.215654638295907,0.586517572839785,0.100883396368113,0.0280178676020542,0.229385415388538,0.0285165747870423,0.257700747940545,0.0685512856157472,0.0403944469062515,0.174862883098764,0.15450718226061,0.033522619838047,0.128708925844176,0.143297268121825,0.0947135324393757,0.134231495260918,0.156645101967078,0.172606760379301,0.1037061512286,0.17202890848753,0.0822929425411585,0.310085786767966,0.460607523477398,0.076478651407565,0.34568653461047,0.37178147943611,0.53083332450938,0.445102690674873,0.431230124625519,0.619205350288933,0.580961796249855,0.564412491980919,0.456227981134576,0.551225124766619,0.259041334226147,0.635003925432688,0.626161928153501,0.467883520885491,0.580552059055142,0.179023640931347,0.736856693351398,0.451556608949119,0.440287983857082,0.630587235099244,0.392226491067736,0.571819130131442
